customer_id,product_id,purchase_date,quantity,purchase_count,mean_quantity,std_quantity,recency_score,frequency_score,avg_purchase_interval,parent_category_id,total_purchases,week,manufacturer_id,attribute_1,attribute_2,attribute_3,attribute_4,attribute_5
10069,22582,2020-06-13,1,2,1.0,0.0,141,2,91.0,3898.0,2,2,703,10,0,261,0,84
21545,30712,2020-08-15,1,1,1.0,0.0,169,1,67.0,unknown,1,3,186,10,0,421,3,3
10235,1075,2020-12-09,1,1,1.0,0.0,53,1,67.0,3898.0,1,4,539,4,0,487,0,-1
21179,31728,2020-12-14,1,1,1.0,0.0,48,1,67.0,556.0,1,1,408,10,1,508,0,101
28193,18630,2020-08-17,1,1,1.0,0.0,167,1,67.0,1072.0,1,4,6,4,0,291,0,44
36773,7894,2020-07-30,1,1,1.0,0.0,185,1,67.0,3898.0,1,1,523,10,0,503,0,17
6504,9397,2020-09-19,1,1,1.0,0.0,134,1,67.0,1543.0,1,4,829,10,0,425,3,84
24072,29657,2020-12-20,1,3,1.0,0.0,42,3,53.0,2894.0,3,1,18,10,0,345,0,84
1094,24576,2020-09-17,1,2,1.0,0.0,136,2,91.0,2006.0,2,4,322,4,0,536,0,144
13443,4049,2020-12-13,1,1,1.0,0.0,49,1,67.0,3056.0,1,4,1126,4,0,363,0,89
40157,23187,2021-01-30,3,1,3.0,0.0,1,1,67.0,3898.0,3,3,199,10,3,321,3,127
7609,10243,2020-06-08,1,2,1.0,0.0,56,2,181.0,431.0,2,2,571,4,0,491,0,74
32391,2609,2020-07-30,1,2,1.5,0.7071067811865476,65,2,120.0,3898.0,3,1,322,4,0,536,0,144
35366,1514,2020-07-30,1,1,1.0,0.0,185,1,67.0,3898.0,1,1,618,4,3,403,0,144
27002,18350,2020-06-06,1,1,1.0,0.0,239,1,67.0,unknown,1,1,186,4,0,318,0,163
17390,24392,2020-06-25,1,1,1.0,0.0,220,1,67.0,153.0,1,4,392,10,0,505,0,84
26049,23478,2020-10-16,1,1,1.0,0.0,107,1,67.0,2109.0,1,4,177,10,0,519,0,9
25837,25873,2020-12-20,1,1,1.0,0.0,42,1,67.0,1543.0,1,1,1265,4,0,514,0,187
37288,2761,2021-01-13,1,1,1.0,0.0,18,1,67.0,unknown,1,1,127,4,0,71,0,144
40307,24730,2020-06-02,2,1,2.0,0.0,243,1,67.0,2901.0,2,1,1111,4,0,487,0,66
43933,15971,2020-09-16,1,1,1.0,0.0,137,1,67.0,3898.0,1,4,361,10,0,503,0,9
17310,29657,2020-12-02,2,1,2.0,0.0,60,1,67.0,431.0,2,3,18,10,0,345,0,84
33846,28400,2020-11-27,1,4,1.25,0.5,23,4,65.66666666666667,566.0,5,2,280,4,0,491,0,53
4529,30467,2021-01-01,1,4,1.75,0.957427107756338,30,4,68.66666666666667,unknown,7,3,853,4,0,450,0,76
5735,28260,2020-09-08,1,1,1.0,0.0,145,1,67.0,2566.0,1,3,219,4,0,536,0,144
21912,20317,2020-09-13,1,2,1.0,0.0,140,2,70.0,1682.0,2,3,1180,4,0,487,0,16
5161,3188,2020-07-05,4,3,2.6666666666666665,1.5275252316519468,95,3,57.5,1147.0,8,1,1338,4,3,444,3,144
7740,21060,2020-10-17,1,2,1.5,0.7071067811865476,106,2,18.0,726.0,3,4,1180,4,3,322,0,144
34952,32495,2020-08-07,5,1,5.0,0.0,177,1,67.0,3027.0,5,2,193,4,0,202,0,108
8325,20209,2020-11-30,1,1,1.0,0.0,62,1,67.0,370.0,1,3,703,4,0,291,0,44
17118,1782,2020-12-25,1,1,1.0,0.0,37,1,67.0,1543.0,1,2,6,4,3,321,0,144
13591,17857,2020-12-12,1,1,1.0,0.0,50,1,67.0,1178.0,1,4,408,10,0,395,0,8
42234,2113,2020-12-08,1,1,1.0,0.0,54,1,67.0,2894.0,1,4,1180,10,0,345,0,95
12916,11349,2020-12-19,1,4,1.25,0.5,4,4,35.333333333333336,2752.0,5,1,408,6,0,166,0,122
4588,31715,2020-11-03,1,1,1.0,0.0,89,1,67.0,1072.0,1,3,1156,10,0,487,3,152
36960,24973,2021-01-31,1,1,1.0,0.0,0,1,67.0,3808.0,1,3,539,6,0,303,0,45
23986,5076,2020-08-27,1,3,1.0,0.0,20,3,68.5,3860.0,3,1,829,10,0,9,0,156
23307,29451,2020-09-26,1,1,1.0,0.0,127,1,67.0,3898.0,1,1,186,10,1,503,-1,85
20419,840,2020-12-15,4,5,3.6,0.5477225575051662,1,5,48.0,3565.0,18,1,1500,4,0,497,0,144
29112,18170,2020-10-19,1,1,1.0,0.0,104,1,67.0,2346.0,1,1,177,10,0,531,0,132
4473,20316,2020-06-23,1,1,1.0,0.0,222,1,67.0,unknown,1,4,1365,10,0,421,0,37
12825,3612,2020-09-19,1,1,1.0,0.0,134,1,67.0,1072.0,1,4,1065,4,0,536,3,144
24114,26028,2020-10-02,1,1,1.0,0.0,121,1,67.0,3056.0,1,2,1445,10,2,-1,-1,24
12725,8731,2020-11-13,1,1,1.0,0.0,79,1,67.0,3056.0,1,4,479,4,0,491,0,66
19085,10250,2020-12-18,4,1,4.0,0.0,44,1,67.0,3477.0,4,1,127,4,1,291,3,44
10820,29657,2021-01-26,1,1,1.0,0.0,5,1,67.0,3898.0,1,3,18,10,0,345,0,84
19927,5165,2021-01-21,1,2,1.0,0.0,10,2,158.0,3898.0,2,2,632,4,0,536,3,144
12944,20852,2020-10-30,1,1,1.0,0.0,93,1,67.0,unknown,1,2,1222,10,0,503,0,85
10112,29657,2020-12-08,3,1,3.0,0.0,54,1,67.0,162.0,3,4,18,10,0,345,0,84
1310,16540,2020-08-25,1,1,1.0,0.0,159,1,67.0,3898.0,1,1,824,4,0,533,0,75
10134,24175,2020-07-21,3,2,2.5,0.7071067811865476,194,2,49.0,3565.0,5,4,347,4,0,22,3,151
19678,18630,2021-01-03,1,2,1.0,0.0,28,2,40.0,2385.0,2,3,6,4,0,291,0,44
3736,19880,2020-07-31,1,1,1.0,0.0,184,1,67.0,3605.0,1,1,703,4,0,291,0,44
19838,31028,2020-08-25,1,1,1.0,0.0,159,1,67.0,1566.0,1,1,539,4,0,491,3,154
35157,1831,2021-01-30,1,1,1.0,0.0,1,1,67.0,3898.0,1,3,748,4,0,491,0,66
26253,12063,2021-01-02,1,2,1.0,0.0,29,2,210.0,965.0,2,3,1338,4,0,115,0,44
37877,13459,2020-10-24,1,1,1.0,0.0,99,1,67.0,1739.0,1,1,219,4,0,536,0,144
1375,12964,2020-11-25,1,1,1.0,0.0,67,1,67.0,1134.0,1,2,924,6,0,232,3,122
11844,23942,2020-07-05,1,1,1.0,0.0,210,1,67.0,1698.0,1,1,1180,4,3,491,3,66
7870,17672,2020-10-04,1,1,1.0,0.0,119,1,67.0,unknown,1,2,361,6,0,276,3,17
27726,29401,2021-01-14,2,4,1.5,0.5773502691896257,17,4,63.333333333333336,3898.0,6,1,449,4,0,535,3,105
8927,17009,2020-06-05,1,1,1.0,0.0,240,1,67.0,3898.0,1,1,993,4,0,491,0,144
28222,17672,2020-12-09,1,1,1.0,0.0,53,1,67.0,844.0,1,4,361,6,0,276,3,17
24498,24466,2021-01-08,1,1,1.0,0.0,23,1,67.0,2231.0,1,4,431,4,0,486,0,66
26203,14806,2020-06-14,1,2,1.0,0.0,163,2,68.0,2920.0,2,2,1180,10,1,522,3,45
12277,4017,2021-01-18,1,1,1.0,0.0,13,1,67.0,3288.0,1,2,406,10,0,527,0,84
28174,23472,2020-08-13,6,1,6.0,0.0,171,1,67.0,2917.0,6,3,1126,4,0,236,0,161
38612,32642,2020-12-16,1,1,1.0,0.0,46,1,67.0,2928.0,1,1,829,4,0,109,3,81
30455,29345,2020-12-08,2,1,2.0,0.0,54,1,67.0,unknown,2,4,393,4,0,275,3,151
34838,26468,2020-06-01,1,1,1.0,0.0,244,1,67.0,unknown,1,1,219,4,0,536,0,144
32665,17419,2020-09-07,1,1,1.0,0.0,146,1,67.0,162.0,1,3,267,6,0,2,3,45
25644,18143,2020-12-06,1,1,1.0,0.0,56,1,67.0,3137.0,1,3,369,10,0,503,0,101
41320,2646,2020-06-30,1,1,1.0,0.0,215,1,67.0,298.0,1,1,769,10,0,503,0,17
17914,28161,2020-07-11,3,5,2.4,0.8944271909999159,0,5,57.0,3137.0,12,2,926,10,0,491,0,156
31814,11628,2020-06-16,1,5,1.0,0.0,35,5,48.5,3137.0,5,3,974,10,0,441,3,39
43118,24576,2020-08-29,1,1,1.0,0.0,155,1,67.0,370.0,1,1,322,4,0,536,0,144
35898,29546,2020-06-28,1,2,1.0,0.0,119,2,98.0,unknown,2,4,603,4,1,279,3,44
13275,30082,2020-10-14,1,1,1.0,0.0,109,1,67.0,822.0,1,4,1504,4,0,466,0,-1
1230,14219,2020-08-20,1,1,1.0,0.0,164,1,67.0,3898.0,1,4,615,6,0,536,0,46
11682,32263,2020-08-25,1,1,1.0,0.0,159,1,67.0,1682.0,1,1,703,10,0,515,0,84
5337,25907,2020-11-12,1,2,1.0,0.0,12,2,68.0,3898.0,2,4,408,6,0,395,0,17
36072,12833,2020-12-06,1,1,1.0,0.0,56,1,67.0,1134.0,1,3,326,6,1,495,0,146
15799,29000,2020-07-23,1,5,1.2,0.4472135954999579,66,5,31.5,3565.0,6,4,827,10,0,536,0,127
14604,2994,2020-06-11,1,1,1.0,0.0,234,1,67.0,3898.0,1,2,881,10,3,503,0,123
110,19037,2021-01-12,1,1,1.0,0.0,19,1,67.0,3056.0,1,1,27,6,0,484,0,117
41401,1051,2020-07-28,1,1,1.0,0.0,187,1,67.0,3189.0,1,1,539,6,0,224,3,17
45558,20169,2020-12-14,4,1,4.0,0.0,48,1,67.0,3241.0,4,1,408,4,1,330,0,44
23748,12805,2020-08-24,1,2,1.0,0.0,50,2,110.0,2542.0,2,1,147,4,0,491,3,144
8982,25162,2020-11-27,1,1,1.0,0.0,65,1,67.0,965.0,1,2,1040,4,0,453,0,108
40104,22280,2020-12-25,1,1,1.0,0.0,37,1,67.0,1750.0,1,2,1127,10,0,406,0,0
18255,14784,2020-07-18,1,2,1.0,0.0,10,2,187.0,1197.0,2,3,745,4,0,399,3,140
39052,637,2021-01-17,4,1,4.0,0.0,14,1,67.0,2385.0,4,1,6,4,0,131,0,144
31946,19606,2020-11-09,2,1,2.0,0.0,83,1,67.0,298.0,2,4,1496,4,0,329,0,163
42507,20750,2020-10-25,3,2,2.5,0.7071067811865476,98,2,67.0,3288.0,5,1,157,4,1,241,0,162
4372,24175,2020-08-28,1,5,1.0,0.0,28,5,49.5,3781.0,5,1,347,4,0,22,3,151
45933,32335,2020-07-17,1,3,1.0,0.0,86,3,56.0,3898.0,3,3,453,4,0,457,-1,12
35981,29127,2021-01-15,1,1,1.0,0.0,16,1,67.0,298.0,1,1,726,4,1,334,3,44
44609,14458,2020-06-15,1,1,1.0,0.0,230,1,67.0,2453.0,1,3,139,4,0,485,3,66
38120,19768,2020-06-08,1,1,1.0,0.0,237,1,67.0,1890.0,1,2,618,4,0,399,0,144
35842,11148,2020-08-11,1,1,1.0,0.0,173,1,67.0,3898.0,1,3,406,10,0,503,0,17
33155,1435,2020-10-11,1,1,1.0,0.0,112,1,67.0,2346.0,1,3,157,10,0,465,0,133
36747,21596,2020-07-08,1,2,1.0,0.0,83,2,124.0,unknown,2,2,514,4,0,370,3,89
32545,12354,2020-06-17,1,1,1.0,0.0,228,1,67.0,3898.0,1,3,322,6,0,536,0,46
17139,20888,2020-07-21,2,2,2.0,0.0,126,2,68.0,2542.0,4,4,6,4,3,319,3,16
436,30723,2020-06-08,1,1,1.0,0.0,237,1,67.0,100.0,1,2,1135,4,0,78,0,163
19348,16343,2020-07-09,1,1,1.0,0.0,206,1,67.0,1178.0,1,2,1383,10,0,509,0,-1
31503,6197,2020-08-06,1,1,1.0,0.0,178,1,67.0,3898.0,1,2,1163,10,0,239,0,84
4277,11080,2020-08-23,2,2,2.0,0.0,161,2,55.0,unknown,4,4,392,10,0,515,0,188
9526,22870,2020-09-25,1,1,1.0,0.0,128,1,67.0,3898.0,1,1,1383,10,0,537,0,30
30610,18116,2020-08-21,1,1,1.0,0.0,163,1,67.0,2457.0,1,4,1260,6,0,164,3,17
17807,3359,2020-08-23,1,2,1.0,0.0,106,2,55.0,1178.0,2,4,186,10,0,504,0,9
26201,31849,2021-01-08,1,2,1.0,0.0,23,2,33.0,361.0,2,4,569,6,0,220,0,17
23399,26152,2020-07-11,1,1,1.0,0.0,204,1,67.0,1178.0,1,2,1383,6,0,537,0,46
3539,31101,2020-06-30,2,1,2.0,0.0,215,1,67.0,3488.0,2,1,323,6,3,489,3,117
20140,18392,2020-11-06,1,1,1.0,0.0,86,1,67.0,unknown,1,3,430,4,0,39,3,140
39369,30712,2020-08-29,1,2,1.0,0.0,155,2,56.0,2346.0,2,1,186,10,0,421,3,3
32127,24466,2020-10-27,1,1,1.0,0.0,96,1,67.0,1623.0,1,2,431,4,0,486,0,66
1212,24173,2020-06-13,1,1,1.0,0.0,232,1,67.0,2566.0,1,2,673,4,0,474,0,-1
11448,11475,2020-11-14,1,2,1.0,0.0,35,2,43.0,2012.0,2,4,279,10,1,513,0,101
20915,14291,2021-01-05,1,3,1.0,0.0,26,3,106.0,2385.0,3,4,968,4,0,55,0,111
44097,27959,2020-10-11,1,1,1.0,0.0,112,1,67.0,2566.0,1,3,888,10,0,282,0,84
37306,30691,2020-11-26,1,1,1.0,0.0,66,1,67.0,1223.0,1,2,449,10,0,382,0,38
21323,24996,2020-10-19,3,1,3.0,0.0,104,1,67.0,3898.0,3,1,539,6,0,303,0,45
11997,10997,2020-12-08,1,1,1.0,0.0,54,1,67.0,3027.0,1,4,1260,6,0,224,3,17
16628,21146,2020-12-25,1,1,1.0,0.0,37,1,67.0,unknown,1,2,325,4,0,267,0,78
9690,21402,2020-12-27,1,2,1.0,0.0,35,2,30.0,3898.0,2,2,1126,10,3,25,0,139
36638,30515,2020-09-13,3,1,3.0,0.0,140,1,67.0,708.0,3,3,1265,4,2,514,0,-1
31395,17016,2020-08-26,1,2,1.0,0.0,157,2,1.0,1682.0,2,1,1383,10,0,503,0,17
16591,18743,2020-10-26,2,1,2.0,0.0,97,1,67.0,3189.0,2,2,1040,4,0,457,0,-1
16923,14134,2020-12-15,2,1,2.0,0.0,47,1,67.0,1178.0,2,1,1411,10,0,145,0,1
14471,12989,2020-08-29,1,1,1.0,0.0,155,1,67.0,3027.0,1,1,194,10,0,502,0,178
21596,18196,2020-08-14,1,2,1.0,0.0,6,2,164.0,3898.0,2,3,194,10,0,503,3,85
4910,3942,2020-10-02,1,1,1.0,0.0,121,1,67.0,3898.0,1,2,532,10,1,502,0,149
37008,10452,2021-01-18,1,1,1.0,0.0,13,1,67.0,3898.0,1,2,186,4,0,28,0,81
27425,1064,2021-01-16,3,1,3.0,0.0,15,1,67.0,unknown,3,1,427,10,0,504,0,17
17449,27935,2020-11-25,1,1,1.0,0.0,67,1,67.0,2028.0,1,2,449,4,0,383,0,176
39579,18574,2020-08-06,1,1,1.0,0.0,178,1,67.0,2901.0,1,2,1411,4,0,290,0,44
38654,4325,2020-07-18,1,1,1.0,0.0,197,1,67.0,2566.0,1,3,539,6,0,303,0,45
14304,877,2020-12-13,1,1,1.0,0.0,49,1,67.0,unknown,1,4,734,6,0,503,3,17
26215,30324,2020-07-22,1,1,1.0,0.0,193,1,67.0,3137.0,1,4,1401,4,0,97,3,44
31955,9206,2020-08-03,1,1,1.0,0.0,181,1,67.0,2920.0,1,2,1201,4,0,174,0,44
40375,28516,2021-01-30,1,1,1.0,0.0,1,1,67.0,3189.0,1,3,615,10,0,382,0,121
28186,31391,2021-01-30,1,1,1.0,0.0,1,1,67.0,3898.0,1,3,618,4,0,403,0,144
2344,13367,2020-10-13,1,1,1.0,0.0,110,1,67.0,3617.0,1,4,219,4,0,538,0,144
28326,16199,2020-11-17,1,1,1.0,0.0,75,1,67.0,unknown,1,1,408,4,0,376,0,44
29903,29801,2020-06-04,1,1,1.0,0.0,241,1,67.0,3898.0,1,1,730,4,0,474,0,-1
17974,3423,2020-07-03,1,1,1.0,0.0,212,1,67.0,1739.0,1,1,449,4,0,535,3,105
12515,9649,2020-08-27,1,1,1.0,0.0,157,1,67.0,3565.0,1,1,186,4,0,444,3,66
5773,30474,2020-08-21,1,1,1.0,0.0,163,1,67.0,3056.0,1,4,193,10,3,229,3,132
28707,29657,2020-10-05,1,1,1.0,0.0,118,1,67.0,3232.0,1,3,18,10,0,345,0,84
9113,9931,2020-11-25,1,1,1.0,0.0,67,1,67.0,2920.0,1,2,829,10,1,254,0,8
2240,795,2020-07-02,20,1,20.0,0.0,213,1,67.0,3056.0,20,1,806,4,0,453,3,166
29745,16997,2020-07-11,2,1,2.0,0.0,204,1,67.0,3027.0,2,2,120,10,0,503,3,101
9893,22870,2020-11-28,1,1,1.0,0.0,64,1,67.0,298.0,1,2,1383,10,0,537,0,30
2322,10340,2020-12-29,1,1,1.0,0.0,33,1,67.0,3898.0,1,3,1111,4,0,487,0,16
2276,21369,2020-11-12,1,1,1.0,0.0,80,1,67.0,3437.0,1,4,449,6,0,359,3,98
26068,1031,2021-01-15,1,1,1.0,0.0,16,1,67.0,3774.0,1,1,140,4,0,458,0,-1
26887,17670,2020-07-09,1,1,1.0,0.0,206,1,67.0,1566.0,1,2,1232,4,1,370,0,89
15106,5428,2020-07-05,1,1,1.0,0.0,210,1,67.0,3898.0,1,1,193,4,0,453,0,108
30771,12626,2020-12-28,6,1,6.0,0.0,34,1,67.0,361.0,6,3,1126,10,0,243,0,45
14194,15241,2020-07-08,1,1,1.0,0.0,207,1,67.0,1072.0,1,2,745,10,0,503,0,85
38671,11846,2021-01-11,1,1,1.0,0.0,20,1,67.0,1223.0,1,1,716,4,1,474,0,-1
33879,13436,2020-08-27,5,1,5.0,0.0,157,1,67.0,1178.0,5,1,1163,10,0,231,0,149
39506,8945,2020-12-05,1,3,1.0,0.0,57,3,46.5,3898.0,3,3,322,6,0,536,0,46
41638,11220,2021-01-20,3,2,2.5,0.7071067811865476,11,2,165.0,2086.0,5,2,378,10,2,421,3,3
24143,32227,2020-06-13,1,1,1.0,0.0,232,1,67.0,3898.0,1,2,615,10,0,18,0,141
14800,30288,2020-08-07,1,1,1.0,0.0,177,1,67.0,1277.0,1,2,1366,6,0,537,0,122
18595,26503,2020-07-07,1,1,1.0,0.0,208,1,67.0,3898.0,1,2,618,4,0,71,0,53
34727,9831,2020-11-10,2,1,2.0,0.0,82,1,67.0,2231.0,2,4,361,10,0,505,0,126
40781,17689,2020-07-18,1,4,1.25,0.5,140,4,19.0,3605.0,5,3,1065,6,0,503,0,45
43818,3226,2021-01-06,1,1,1.0,0.0,25,1,67.0,3189.0,1,4,1093,4,0,491,0,144
44258,19820,2020-06-21,1,1,1.0,0.0,224,1,67.0,3565.0,1,3,1023,10,0,503,0,17
17619,29342,2020-06-11,1,1,1.0,0.0,234,1,67.0,2182.0,1,2,378,6,0,421,0,6
9329,8779,2020-12-02,1,1,1.0,0.0,60,1,67.0,3898.0,1,3,539,6,0,224,3,17
13482,32623,2020-09-22,1,1,1.0,0.0,131,1,67.0,600.0,1,1,1121,6,0,503,0,122
14571,25978,2020-07-11,1,1,1.0,0.0,204,1,67.0,3860.0,1,2,408,4,0,326,0,175
12244,31391,2020-06-29,1,1,1.0,0.0,216,1,67.0,unknown,1,1,618,4,0,403,0,144
43488,5112,2020-06-16,1,1,1.0,0.0,229,1,67.0,3565.0,1,3,539,10,0,515,0,190
30582,23684,2020-08-25,2,1,2.0,0.0,159,1,67.0,3898.0,2,1,322,10,1,536,0,17
30919,9185,2020-08-10,1,1,1.0,0.0,174,1,67.0,1072.0,1,3,1496,4,0,321,0,144
16627,3547,2020-08-10,1,1,1.0,0.0,174,1,67.0,489.0,1,3,455,4,1,455,3,166
6575,24439,2020-06-01,4,1,4.0,0.0,244,1,67.0,3774.0,4,1,618,4,1,486,0,16
814,3992,2020-10-20,1,1,1.0,0.0,103,1,67.0,2917.0,1,1,888,4,0,395,0,144
1132,28827,2020-12-02,1,1,1.0,0.0,60,1,67.0,1682.0,1,3,1383,10,0,537,0,3
7359,11513,2020-07-04,2,3,2.0,0.0,30,3,90.5,3898.0,6,1,406,10,0,503,0,17
13707,1732,2020-12-15,1,1,1.0,0.0,47,1,67.0,3898.0,1,1,186,4,0,17,0,81
4754,32722,2020-07-14,2,1,2.0,0.0,201,1,67.0,1899.0,2,3,1445,10,0,-1,-1,-1
37349,10376,2020-11-20,1,1,1.0,0.0,72,1,67.0,566.0,1,1,449,4,0,535,3,105
6390,4156,2021-01-27,1,1,1.0,0.0,4,1,67.0,unknown,1,3,998,10,0,416,3,132
18901,6150,2021-01-06,1,6,1.0,0.0,25,6,33.6,3027.0,6,4,185,4,0,131,3,151
43182,3898,2020-07-17,2,1,2.0,0.0,198,1,67.0,3898.0,2,3,1410,4,1,491,0,66
28922,1933,2021-01-12,1,2,1.0,0.0,19,2,109.0,2385.0,2,1,1282,10,1,382,3,127
10655,12803,2021-01-09,2,1,2.0,0.0,22,1,67.0,3898.0,2,4,643,4,0,484,0,144
9941,17405,2020-06-10,1,1,1.0,0.0,235,1,67.0,2917.0,1,2,193,10,0,507,0,29
9596,8707,2020-06-11,1,1,1.0,0.0,234,1,67.0,1543.0,1,2,1201,6,3,190,0,84
11243,18625,2020-09-12,1,2,1.0,0.0,49,2,92.0,2109.0,2,3,839,4,0,92,3,144
33839,29884,2020-07-25,1,2,1.0,0.0,100,2,90.0,566.0,2,4,449,10,1,382,0,38
4777,3535,2021-01-31,1,1,1.0,0.0,0,1,67.0,1065.0,1,3,1180,6,0,179,0,115
33919,27433,2021-01-20,2,1,2.0,0.0,11,1,67.0,3898.0,2,2,772,10,0,503,0,17
25600,19663,2020-06-10,1,2,1.5,0.7071067811865476,215,2,20.0,3137.0,3,2,718,4,0,524,0,-1
979,30606,2020-06-12,1,1,1.0,0.0,233,1,67.0,380.0,1,2,1429,4,0,292,0,144
41270,29574,2021-01-29,1,1,1.0,0.0,2,1,67.0,unknown,1,3,157,4,0,465,0,65
42460,31748,2020-08-18,1,1,1.0,0.0,166,1,67.0,3898.0,1,4,643,10,1,124,3,45
14212,24996,2020-12-13,1,1,1.0,0.0,49,1,67.0,3898.0,1,4,539,6,0,303,0,45
34778,30852,2020-07-07,1,2,1.0,0.0,208,2,18.0,2703.0,2,2,1232,4,0,358,0,117
42967,743,2020-12-11,1,1,1.0,0.0,51,1,67.0,2917.0,1,4,1180,4,0,108,3,154
33802,11383,2020-11-13,1,1,1.0,0.0,79,1,67.0,3488.0,1,4,752,10,0,27,3,39
44970,3477,2020-12-02,1,1,1.0,0.0,60,1,67.0,3898.0,1,3,186,6,0,196,0,45
38472,23210,2020-06-27,1,1,1.0,0.0,218,1,67.0,965.0,1,4,771,10,3,503,0,17
16613,28473,2020-08-29,2,3,2.0,0.0,71,3,70.0,3189.0,6,1,771,10,0,502,0,178
21562,19997,2020-07-22,2,1,2.0,0.0,193,1,67.0,3898.0,2,4,1222,10,0,505,0,126
9467,29657,2020-08-17,4,7,3.142857142857143,0.3779644730092273,19,7,36.5,1151.0,22,4,18,10,0,345,0,84
32294,27866,2020-12-21,3,8,3.0,0.0,0,8,31.428571428571427,2566.0,24,2,127,10,0,345,0,95
7597,2147,2020-06-06,1,1,1.0,0.0,239,1,67.0,3898.0,1,1,406,10,0,503,0,85
28655,16303,2020-08-02,1,1,1.0,0.0,182,1,67.0,661.0,1,1,225,4,0,277,0,44
43778,14016,2020-10-16,1,1,1.0,0.0,107,1,67.0,566.0,1,4,1371,10,0,344,0,95
26191,18630,2021-01-03,2,1,2.0,0.0,28,1,67.0,3898.0,2,3,6,4,0,291,0,44
43939,27868,2021-01-12,4,2,3.0,1.4142135623730951,19,2,43.0,unknown,6,1,539,6,1,516,3,17
34098,29567,2021-01-30,1,1,1.0,0.0,1,1,67.0,1739.0,1,3,1445,3,0,-1,-1,-1
41240,1782,2020-06-30,1,1,1.0,0.0,215,1,67.0,unknown,1,1,6,4,3,321,0,144
38778,365,2020-06-08,1,1,1.0,0.0,237,1,67.0,2917.0,1,2,258,6,0,308,0,115
3744,8532,2020-11-03,1,2,1.0,0.0,89,2,107.0,2208.0,2,3,1222,10,0,502,0,43
45912,31683,2020-06-29,1,2,1.0,0.0,96,2,120.0,unknown,2,1,1371,4,0,484,3,175
39190,29657,2020-07-24,8,3,8.0,0.0,2,3,94.5,3056.0,24,4,18,10,0,345,0,84
3344,2442,2020-09-03,1,1,1.0,0.0,150,1,67.0,3898.0,1,2,1058,6,1,491,0,117
38379,9599,2020-07-06,1,1,1.0,0.0,209,1,67.0,3898.0,1,2,1222,10,0,503,0,17
21347,23582,2020-10-03,1,1,1.0,0.0,120,1,67.0,431.0,1,2,569,4,0,21,3,52
37748,8274,2020-10-27,1,1,1.0,0.0,96,1,67.0,3808.0,1,2,1201,4,0,386,0,118
5124,1932,2020-09-02,2,1,2.0,0.0,151,1,67.0,566.0,2,2,186,4,0,319,0,144
43454,19043,2020-09-22,1,1,1.0,0.0,131,1,67.0,3898.0,1,1,186,10,3,27,3,39
16433,7420,2020-11-15,1,1,1.0,0.0,77,1,67.0,1932.0,1,4,632,4,0,536,3,144
11858,10057,2020-06-27,1,1,1.0,0.0,218,1,67.0,3898.0,1,4,618,4,3,108,0,16
35507,11532,2020-06-06,1,1,1.0,0.0,239,1,67.0,2478.0,1,1,186,6,0,506,3,17
26167,20324,2020-11-16,2,6,1.5,0.5477225575051662,52,6,34.2,2012.0,9,1,994,10,1,421,0,4
13853,22272,2020-07-26,2,1,2.0,0.0,189,1,67.0,2703.0,2,4,1388,6,0,511,0,37
8602,12499,2020-09-10,1,1,1.0,0.0,143,1,67.0,2542.0,1,3,1105,4,0,486,0,48
36069,15885,2020-12-15,1,1,1.0,0.0,47,1,67.0,3288.0,1,1,325,10,0,513,3,17
43884,11294,2020-12-05,1,1,1.0,0.0,57,1,67.0,3241.0,1,3,1371,4,0,92,3,144
37580,21765,2020-09-20,1,1,1.0,0.0,133,1,67.0,1072.0,1,4,322,4,1,536,0,144
23213,14226,2020-12-10,1,1,1.0,0.0,52,1,67.0,3898.0,1,4,322,4,2,536,0,144
16839,2518,2020-08-21,1,1,1.0,0.0,163,1,67.0,1566.0,1,4,1279,10,1,425,0,102
20730,18411,2020-06-26,1,1,1.0,0.0,219,1,67.0,566.0,1,4,1316,4,3,474,0,-1
2252,3914,2020-10-03,1,1,1.0,0.0,120,1,67.0,361.0,1,2,1201,4,0,39,0,151
15662,22757,2020-07-10,1,1,1.0,0.0,205,1,67.0,unknown,1,2,186,4,0,28,0,81
32415,5627,2021-01-04,3,1,3.0,0.0,27,1,67.0,3898.0,3,4,369,4,0,474,0,-1
26583,461,2020-11-14,1,1,1.0,0.0,78,1,67.0,1637.0,1,4,406,10,0,503,0,17
8722,5373,2020-10-08,1,1,1.0,0.0,115,1,67.0,425.0,1,3,186,1,0,267,0,78
2992,25254,2020-08-17,1,1,1.0,0.0,167,1,67.0,100.0,1,4,378,10,0,412,3,3
39095,27871,2020-09-14,3,4,2.25,0.957427107756338,34,4,60.666666666666664,119.0,9,4,157,10,0,150,0,61
12374,11188,2020-11-30,5,3,5.0,0.0,62,3,79.0,3860.0,15,3,6,4,0,71,0,53
5604,6363,2020-10-31,1,2,1.0,0.0,92,2,97.0,3794.0,2,2,286,6,0,9,0,45
8408,19964,2020-08-24,2,2,1.5,0.7071067811865476,73,2,87.0,1151.0,3,1,851,4,1,487,0,66
25276,20965,2021-01-06,1,1,1.0,0.0,25,1,67.0,686.0,1,4,400,4,0,276,3,103
4564,12871,2020-12-01,1,2,1.0,0.0,61,2,100.0,1623.0,2,3,671,10,0,379,0,87
13842,27064,2021-01-03,4,1,4.0,0.0,28,1,67.0,3056.0,4,3,6,6,1,354,0,95
14521,17268,2020-11-04,1,1,1.0,0.0,88,1,67.0,1072.0,1,3,827,10,0,377,0,156
26753,20829,2020-12-17,1,1,1.0,0.0,45,1,67.0,unknown,1,1,322,6,1,536,0,46
11459,22757,2021-01-16,1,1,1.0,0.0,15,1,67.0,861.0,1,1,186,4,0,28,0,81
29262,20164,2021-01-23,1,2,1.0,0.0,8,2,208.0,1739.0,2,2,703,4,0,291,0,44
28023,17041,2020-07-08,1,1,1.0,0.0,207,1,67.0,3829.0,1,2,430,6,1,303,0,45
19796,1633,2020-08-09,1,2,1.0,0.0,22,2,153.0,unknown,2,2,618,4,0,55,3,11
45913,27860,2020-09-16,1,1,1.0,0.0,137,1,67.0,2497.0,1,4,1445,3,0,-1,0,-1
21028,20870,2020-08-13,1,1,1.0,0.0,171,1,67.0,3898.0,1,3,671,6,1,213,3,85
45986,1694,2020-10-07,1,1,1.0,0.0,116,1,67.0,3288.0,1,3,194,10,0,503,3,77
20468,7520,2020-11-10,5,3,4.0,1.0,7,3,65.5,3056.0,12,4,974,6,0,444,3,117
38448,3379,2020-08-20,2,23,2.0,0.0,4,23,10.681818181818182,3898.0,46,4,703,4,0,335,3,109
27473,9729,2020-12-08,1,1,1.0,0.0,54,1,67.0,370.0,1,4,1010,10,3,503,0,17
8344,24527,2020-11-17,1,1,1.0,0.0,75,1,67.0,3056.0,1,1,207,4,0,319,0,144
18936,13761,2020-06-03,1,2,1.0,0.0,170,2,72.0,3898.0,2,1,198,4,0,491,3,11
17811,13903,2020-12-04,1,1,1.0,0.0,58,1,67.0,413.0,1,3,1371,10,0,388,3,127
19014,29995,2020-06-11,1,1,1.0,0.0,234,1,67.0,370.0,1,2,194,10,0,503,3,17
37954,28522,2020-06-13,1,1,1.0,0.0,232,1,67.0,3898.0,1,2,539,6,0,220,3,17
16726,17512,2020-07-26,1,1,1.0,0.0,189,1,67.0,3898.0,1,4,703,4,0,291,0,44
43157,20317,2020-07-04,1,2,1.0,0.0,106,2,105.0,3565.0,2,1,1180,4,0,487,0,16
9907,697,2020-07-13,1,1,1.0,0.0,202,1,67.0,unknown,1,3,393,4,0,485,3,44
22624,1033,2020-12-08,1,1,1.0,0.0,54,1,67.0,3898.0,1,4,193,10,0,507,0,17
42304,20108,2020-07-19,1,1,1.0,0.0,196,1,67.0,3565.0,1,3,428,4,0,474,0,-1
19927,14164,2020-09-12,1,1,1.0,0.0,141,1,67.0,1223.0,1,3,1435,4,0,487,3,144
42912,20131,2020-09-21,1,2,1.5,0.7071067811865476,132,2,99.0,2566.0,3,1,347,4,0,291,3,44
43236,9547,2020-11-23,1,1,1.0,0.0,69,1,67.0,1693.0,1,2,671,10,0,506,0,17
39163,16680,2020-06-05,1,1,1.0,0.0,240,1,67.0,1178.0,1,1,888,4,0,76,0,53
42002,24763,2021-01-06,1,1,1.0,0.0,25,1,67.0,2012.0,1,4,186,6,0,207,0,17
29936,16297,2020-10-16,1,1,1.0,0.0,107,1,67.0,1445.0,1,4,18,6,0,220,3,17
37424,7957,2020-10-29,1,1,1.0,0.0,94,1,67.0,1841.0,1,2,157,10,1,150,0,61
6954,20750,2020-08-31,1,1,1.0,0.0,153,1,67.0,3898.0,1,2,157,4,1,241,0,162
15123,16820,2020-12-08,1,2,1.0,0.0,54,2,148.0,unknown,2,4,1321,4,0,135,3,73
5678,6097,2020-10-28,3,1,3.0,0.0,95,1,67.0,40.0,3,2,193,4,3,245,3,108
38231,20403,2021-01-12,1,1,1.0,0.0,19,1,67.0,3565.0,1,1,888,4,0,278,0,144
44402,30406,2020-08-19,1,3,1.0,0.0,7,3,79.0,3565.0,3,4,928,10,0,51,0,127
32164,6112,2021-01-14,1,6,1.3333333333333333,0.5163977794943222,0,6,30.6,3898.0,8,1,1065,4,0,324,0,44
35433,32308,2020-09-18,1,1,1.0,0.0,135,1,67.0,1543.0,1,4,1126,4,0,362,3,89
32169,10133,2020-08-05,1,1,1.0,0.0,179,1,67.0,489.0,1,2,18,6,0,224,0,17
42621,29657,2020-06-30,3,1,3.0,0.0,215,1,67.0,2566.0,3,1,18,10,0,345,0,84
35503,6654,2020-08-25,1,1,1.0,0.0,159,1,67.0,1468.0,1,1,1496,10,0,359,0,97
8289,12663,2021-01-12,1,1,1.0,0.0,19,1,67.0,3898.0,1,1,363,10,0,503,3,17
4959,6339,2020-08-18,1,1,1.0,0.0,166,1,67.0,3819.0,1,4,194,10,0,503,0,85
30490,4706,2020-11-09,1,1,1.0,0.0,83,1,67.0,unknown,1,4,1355,4,0,484,3,144
26665,25535,2020-10-24,1,1,1.0,0.0,99,1,67.0,3898.0,1,1,1366,10,0,537,0,3
9318,13048,2020-09-26,1,1,1.0,0.0,127,1,67.0,3189.0,1,1,1010,10,0,503,0,17
13029,30457,2020-11-13,4,2,4.5,0.7071067811865476,79,2,114.0,1566.0,9,4,238,10,0,197,3,115
24477,6057,2020-11-21,1,1,1.0,0.0,71,1,67.0,3860.0,1,1,539,6,0,303,0,45
34433,3560,2020-10-03,1,2,1.0,0.0,120,2,119.0,2976.0,2,2,1154,10,0,503,0,17
11784,10039,2020-07-05,1,4,1.0,0.0,7,4,67.66666666666667,489.0,4,1,1111,4,0,9,0,163
925,9429,2020-08-25,2,1,2.0,0.0,159,1,67.0,2566.0,2,1,361,4,0,276,3,171
45715,612,2020-12-07,1,1,1.0,0.0,55,1,67.0,3056.0,1,4,514,4,0,370,3,89
6580,11841,2020-10-04,1,1,1.0,0.0,119,1,67.0,242.0,1,2,1274,10,0,288,3,141
11095,9209,2020-07-26,1,1,1.0,0.0,189,1,67.0,3898.0,1,4,1039,10,1,145,3,60
34574,21280,2020-10-21,1,3,1.0,0.0,35,3,64.5,3898.0,3,1,410,10,0,421,0,3
45908,10473,2020-11-25,1,1,1.0,0.0,67,1,67.0,3137.0,1,2,186,4,0,318,3,16
16475,24382,2020-11-25,1,1,1.0,0.0,67,1,67.0,1072.0,1,2,1324,10,0,421,3,3
20326,5185,2020-07-11,3,3,3.0,0.0,149,3,44.5,1134.0,9,2,138,6,0,315,0,17
16365,7997,2020-11-10,2,1,2.0,0.0,82,1,67.0,25.0,2,4,1496,4,0,388,0,66
11215,10648,2020-09-12,2,1,2.0,0.0,141,1,67.0,3898.0,2,3,703,10,0,345,3,99
6285,30263,2020-07-13,1,6,1.1666666666666667,0.408248290463863,20,6,39.4,2901.0,7,3,993,4,0,486,0,144
8463,6394,2021-01-21,5,3,3.0,1.7320508075688772,10,3,84.0,1682.0,9,2,175,4,0,12,3,81
22075,24607,2020-11-13,1,1,1.0,0.0,79,1,67.0,1178.0,1,4,671,6,0,216,3,122
28440,10260,2020-07-30,2,1,2.0,0.0,185,1,67.0,2231.0,2,1,888,6,0,455,0,45
20094,12271,2020-07-11,1,2,1.0,0.0,118,2,86.0,366.0,2,2,617,10,0,536,3,156
8889,31735,2020-06-11,1,1,1.0,0.0,234,1,67.0,1315.0,1,2,806,4,0,453,3,108
38785,11307,2020-06-18,3,1,3.0,0.0,227,1,67.0,unknown,3,3,993,6,0,210,3,137
45301,12271,2020-09-22,1,3,1.6666666666666667,0.5773502691896257,47,3,42.0,1841.0,5,1,617,10,0,536,3,156
40421,31783,2020-10-28,2,1,2.0,0.0,95,1,67.0,1682.0,2,2,101,4,0,468,0,-1
2359,12479,2021-01-09,1,2,1.5,0.7071067811865476,22,2,133.0,3898.0,3,4,632,10,1,536,3,156
17276,4165,2020-07-05,1,1,1.0,0.0,210,1,67.0,1543.0,1,1,620,10,3,-1,-1,-1
38972,12311,2020-12-14,1,1,1.0,0.0,48,1,67.0,3241.0,1,1,361,6,1,203,0,17
6401,31028,2020-07-16,1,1,1.0,0.0,199,1,67.0,1739.0,1,3,539,4,0,491,3,154
5028,29555,2020-07-08,1,1,1.0,0.0,207,1,67.0,370.0,1,2,504,10,0,441,3,84
17002,29041,2020-08-13,1,1,1.0,0.0,171,1,67.0,3898.0,1,3,539,6,0,303,0,45
32578,18610,2020-09-03,1,3,1.0,0.0,150,3,30.5,1072.0,3,2,685,4,0,538,0,44
4995,18803,2020-07-31,2,3,2.0,0.0,133,3,43.0,2012.0,6,1,748,4,0,491,0,66
39217,10894,2020-12-27,1,1,1.0,0.0,35,1,67.0,1315.0,1,2,1338,4,0,487,3,89
32276,13569,2020-12-16,1,1,1.0,0.0,46,1,67.0,3898.0,1,1,907,4,0,444,0,66
21804,19681,2020-06-29,1,1,1.0,0.0,216,1,67.0,3565.0,1,1,266,10,0,425,0,132
21407,7753,2020-11-16,1,1,1.0,0.0,76,1,67.0,3898.0,1,1,150,4,0,453,0,108
5443,24822,2021-01-28,1,1,1.0,0.0,3,1,67.0,3898.0,1,3,157,4,3,469,0,-1
2484,17076,2020-11-21,2,1,2.0,0.0,71,1,67.0,3898.0,2,1,827,4,0,362,3,89
24574,24254,2020-11-25,1,1,1.0,0.0,67,1,67.0,unknown,1,2,1201,4,3,30,0,163
28414,17419,2020-07-11,1,2,1.0,0.0,75,2,129.0,3898.0,2,2,267,6,0,2,3,45
32868,28041,2020-09-03,1,1,1.0,0.0,150,1,67.0,3617.0,1,2,150,4,1,453,0,108
28028,28664,2020-10-18,1,1,1.0,0.0,105,1,67.0,unknown,1,4,386,10,0,502,0,39
29859,24952,2020-06-16,1,1,1.0,0.0,229,1,67.0,3898.0,1,3,193,4,1,453,3,108
937,30349,2020-06-15,1,1,1.0,0.0,230,1,67.0,1682.0,1,3,643,4,0,484,0,144
25345,2877,2020-09-02,1,1,1.0,0.0,151,1,67.0,2346.0,1,2,323,10,0,515,0,92
13477,23348,2020-10-14,1,1,1.0,0.0,109,1,67.0,458.0,1,4,1371,10,0,344,0,99
23581,9429,2020-07-08,1,1,1.0,0.0,207,1,67.0,1739.0,1,2,361,4,0,276,3,171
3986,31183,2020-12-06,1,8,1.0,0.0,0,8,34.0,2364.0,8,3,1338,4,0,26,0,175
39108,15107,2020-10-22,1,1,1.0,0.0,101,1,67.0,1682.0,1,1,1379,4,0,444,3,66
43702,30263,2020-12-04,2,1,2.0,0.0,58,1,67.0,unknown,2,3,993,4,0,486,0,144
17719,10376,2020-08-08,1,2,1.0,0.0,94,2,82.0,2901.0,2,2,449,4,0,535,3,105
18885,27179,2020-07-05,1,1,1.0,0.0,210,1,67.0,489.0,1,1,1180,6,0,220,3,17
17139,28464,2020-06-27,2,1,2.0,0.0,218,1,67.0,2006.0,2,4,1222,10,0,502,0,178
2012,16307,2021-01-17,1,2,1.0,0.0,14,2,13.0,1223.0,2,1,963,10,0,503,3,123
38689,19004,2020-06-27,1,1,1.0,0.0,218,1,67.0,2018.0,1,4,1496,6,0,197,3,122
37385,8466,2020-12-28,1,2,1.5,0.7071067811865476,34,2,139.0,380.0,3,3,1023,10,0,503,0,132
8466,30445,2020-11-03,1,1,1.0,0.0,89,1,67.0,431.0,1,3,829,10,0,515,0,131
44633,5708,2020-07-05,1,1,1.0,0.0,210,1,67.0,3056.0,1,1,378,10,0,421,3,3
41826,6334,2020-09-23,1,1,1.0,0.0,130,1,67.0,3565.0,1,1,1038,4,0,517,0,21
20329,25978,2020-11-14,2,1,2.0,0.0,78,1,67.0,2006.0,2,4,408,4,0,326,0,175
22815,5464,2020-11-15,1,5,1.0,0.0,29,5,47.5,2364.0,5,4,1232,4,0,358,0,117
41206,32292,2020-08-15,1,1,1.0,0.0,169,1,67.0,3898.0,1,3,1160,10,0,524,0,130
40221,2554,2021-01-10,1,1,1.0,0.0,21,1,67.0,unknown,1,4,408,4,0,160,0,44
30828,9927,2020-12-01,1,2,1.0,0.0,61,2,120.0,3703.0,2,3,1496,4,0,131,0,144
33379,11440,2020-12-09,1,1,1.0,0.0,53,1,67.0,582.0,1,4,399,4,0,498,0,105
43724,18591,2020-10-04,1,1,1.0,0.0,119,1,67.0,2385.0,1,2,20,6,1,190,0,17
8160,29325,2020-10-04,3,1,3.0,0.0,119,1,67.0,3288.0,3,2,193,4,0,453,-1,108
30293,7644,2020-11-11,1,3,1.0,0.0,15,3,33.0,3723.0,3,4,1276,6,0,45,3,48
38222,18789,2020-09-16,1,1,1.0,0.0,137,1,67.0,726.0,1,4,745,10,0,399,3,127
1291,16609,2020-08-11,1,1,1.0,0.0,173,1,67.0,1682.0,1,3,1156,10,0,377,0,39
10015,23066,2020-11-15,1,1,1.0,0.0,77,1,67.0,3056.0,1,4,177,10,0,503,0,9
42540,28531,2020-09-16,1,1,1.0,0.0,137,1,67.0,1841.0,1,4,1371,10,0,344,0,95
39963,10452,2020-08-28,1,1,1.0,0.0,156,1,67.0,3898.0,1,1,186,4,0,28,0,81
44547,967,2020-11-27,3,2,3.0,0.0,65,2,25.0,3860.0,6,2,1180,10,1,345,0,95
40313,2460,2020-12-14,1,1,1.0,0.0,48,1,67.0,unknown,1,1,1366,10,0,537,0,3
13842,11674,2020-08-07,1,1,1.0,0.0,177,1,67.0,unknown,1,2,1126,4,0,291,3,129
12932,21964,2020-09-15,2,1,2.0,0.0,138,1,67.0,1468.0,2,4,206,10,0,503,0,45
17602,24051,2020-12-17,1,3,1.0,0.0,35,3,53.5,unknown,3,1,325,6,0,165,0,122
32252,28715,2021-01-12,2,2,2.0,0.0,19,2,42.0,1134.0,4,1,1368,4,1,487,0,66
21047,29657,2020-07-03,1,1,1.0,0.0,212,1,67.0,3898.0,1,1,18,10,0,345,0,84
15563,13228,2021-01-28,1,1,1.0,0.0,3,1,67.0,unknown,1,3,18,6,0,181,0,17
28593,11492,2020-06-04,1,7,1.5714285714285714,0.5345224838248488,33,7,34.666666666666664,3027.0,11,1,325,4,0,166,3,140
25864,7113,2021-01-25,1,1,1.0,0.0,6,1,67.0,1693.0,1,3,703,10,0,515,0,84
26122,20534,2020-09-12,1,1,1.0,0.0,141,1,67.0,2028.0,1,3,1265,10,0,515,0,92
1358,14323,2020-10-11,1,1,1.0,0.0,112,1,67.0,3581.0,1,3,1411,10,3,291,3,139
22727,1970,2021-01-07,4,2,4.0,0.0,24,2,159.0,3898.0,8,4,703,4,0,291,0,44
45803,12494,2020-08-29,1,1,1.0,0.0,155,1,67.0,3565.0,1,1,186,4,0,318,0,81
461,489,2020-07-25,1,1,1.0,0.0,190,1,67.0,2006.0,1,4,386,10,0,503,0,85
22051,32204,2020-12-03,1,2,2.0,1.4142135623730951,59,2,81.0,2280.0,4,3,1496,10,0,345,3,95
41881,16330,2020-11-21,1,1,1.0,0.0,71,1,67.0,3189.0,1,1,1180,4,0,319,3,49
44809,1725,2021-01-31,1,1,1.0,0.0,0,1,67.0,3898.0,1,3,523,10,1,503,0,85
42782,12947,2021-01-05,1,1,1.0,0.0,26,1,67.0,153.0,1,4,615,4,0,487,3,144
32195,18696,2021-01-13,1,1,1.0,0.0,18,1,67.0,2280.0,1,1,1496,6,0,170,0,45
37839,6654,2020-07-04,2,1,2.0,0.0,211,1,67.0,3898.0,2,1,1496,10,0,359,0,97
15161,20659,2020-11-02,1,1,1.0,0.0,90,1,67.0,3059.0,1,3,194,10,0,503,0,17
17884,8350,2020-12-10,1,1,1.0,0.0,52,1,67.0,2497.0,1,4,1232,4,0,358,0,117
5594,7970,2020-09-18,3,5,1.8,0.8366600265340756,15,5,51.25,unknown,9,4,772,10,0,503,0,17
38496,4082,2020-12-19,1,1,1.0,0.0,43,1,67.0,1277.0,1,1,120,10,0,503,3,101
8369,32349,2020-08-29,1,4,1.0,0.0,69,4,33.0,1890.0,4,1,1445,10,3,-1,-1,95
35244,28260,2020-09-08,1,1,1.0,0.0,145,1,67.0,1739.0,1,3,219,4,0,536,0,144
11186,10410,2020-08-24,2,1,2.0,0.0,160,1,67.0,unknown,2,1,1371,4,0,516,0,187
8667,27179,2020-06-30,2,1,2.0,0.0,215,1,67.0,1941.0,2,1,1180,6,0,220,3,17
36959,13903,2020-10-08,1,1,1.0,0.0,115,1,67.0,3898.0,1,3,1371,10,0,388,3,127
32807,4063,2020-08-26,1,3,1.3333333333333333,0.5773502691896258,12,3,73.0,3137.0,4,1,829,10,0,510,0,85
30662,31690,2020-06-01,1,2,1.0,0.0,49,2,195.0,unknown,2,1,829,10,3,510,0,85
14674,25895,2020-08-08,1,1,1.0,0.0,176,1,67.0,1072.0,1,2,1126,10,0,474,3,132
12792,2517,2020-08-29,1,1,1.0,0.0,155,1,67.0,3581.0,1,1,361,6,0,276,3,17
31028,24405,2020-11-15,2,1,2.0,0.0,77,1,67.0,458.0,2,4,993,4,0,102,3,144
15810,20562,2020-09-14,2,1,2.0,0.0,139,1,67.0,1841.0,2,4,18,4,1,335,0,132
16461,23610,2021-01-12,1,1,1.0,0.0,19,1,67.0,2280.0,1,1,1232,4,0,395,0,58
3019,3343,2020-09-18,1,1,1.0,0.0,135,1,67.0,2453.0,1,4,888,4,0,276,3,44
35081,19359,2020-11-22,1,4,1.0,0.0,70,4,46.666666666666664,3898.0,4,1,111,4,0,491,0,144
33399,23599,2020-12-05,4,1,4.0,0.0,57,1,67.0,1072.0,4,3,361,10,0,527,3,17
27254,16041,2021-01-22,3,2,2.0,1.4142135623730951,9,2,26.0,3288.0,4,2,1105,4,0,486,3,144
37875,20028,2020-08-26,1,2,1.0,0.0,64,2,94.0,1885.0,2,1,1127,6,0,197,3,122
34966,14219,2021-01-11,1,1,1.0,0.0,20,1,67.0,unknown,1,1,615,6,0,536,0,46
1355,7470,2020-10-22,1,1,1.0,0.0,101,1,67.0,3898.0,1,1,186,4,0,28,0,48
8480,20114,2020-07-12,1,1,1.0,0.0,203,1,67.0,509.0,1,2,397,10,0,491,3,39
3851,18181,2020-06-30,2,6,1.3333333333333333,0.5163977794943223,45,6,35.8,2457.0,8,1,615,10,1,358,0,132
6017,7125,2020-12-06,1,1,1.0,0.0,56,1,67.0,unknown,1,3,829,10,0,254,0,77
23438,26455,2020-09-24,1,1,1.0,0.0,129,1,67.0,2703.0,1,1,1111,6,0,497,0,105
39002,26746,2020-11-14,1,1,1.0,0.0,78,1,67.0,3898.0,1,4,280,4,0,487,0,53
41339,16059,2020-07-26,1,1,1.0,0.0,189,1,67.0,unknown,1,4,186,6,0,208,3,122
10102,8612,2020-11-13,1,1,1.0,0.0,79,1,67.0,3056.0,1,4,484,1,0,508,0,78
17954,29654,2020-09-19,1,1,1.0,0.0,134,1,67.0,3898.0,1,4,1383,10,0,515,0,190
35153,15952,2020-12-28,3,1,3.0,0.0,34,1,67.0,3137.0,3,3,322,6,0,536,0,46
34672,17672,2021-01-18,1,1,1.0,0.0,13,1,67.0,3175.0,1,2,361,6,0,276,3,17
12993,3361,2020-10-23,1,1,1.0,0.0,100,1,67.0,3781.0,1,1,1023,6,3,513,0,137
42458,25880,2020-12-12,1,3,1.0,0.0,50,3,76.0,1841.0,3,4,994,10,0,421,3,3
564,11434,2021-01-18,1,1,1.0,0.0,13,1,67.0,3605.0,1,2,185,4,0,131,3,151
35530,110,2020-12-13,1,1,1.0,0.0,49,1,67.0,3898.0,1,4,186,1,0,267,0,78
11920,23717,2020-08-26,3,1,3.0,0.0,158,1,67.0,3898.0,3,1,1430,4,0,528,0,108
2390,19043,2020-09-16,1,1,1.0,0.0,137,1,67.0,3898.0,1,4,186,10,3,27,3,39
46110,26468,2020-08-09,1,1,1.0,0.0,175,1,67.0,3056.0,1,2,219,4,0,536,0,144
37898,11251,2021-01-26,5,1,5.0,0.0,5,1,67.0,unknown,5,3,1496,10,0,348,0,95
22244,9571,2020-06-27,1,1,1.0,0.0,218,1,67.0,2133.0,1,4,1371,4,0,430,3,158
7223,11188,2020-11-28,1,3,1.6666666666666667,1.1547005383792517,64,3,52.5,566.0,5,2,6,4,0,71,0,53
7676,11035,2020-10-17,1,3,1.0,0.0,47,3,80.5,119.0,3,4,581,6,0,201,3,122
7764,11010,2020-11-26,1,1,1.0,0.0,66,1,67.0,unknown,1,2,1332,4,0,453,0,37
37330,3805,2020-09-02,3,1,3.0,0.0,151,1,67.0,3831.0,3,2,186,6,0,208,3,122
42295,14450,2020-12-04,1,1,1.0,0.0,58,1,67.0,3703.0,1,3,235,4,0,538,3,84
4153,16536,2020-11-05,2,1,2.0,0.0,87,1,67.0,1739.0,2,3,615,10,0,6,0,84
42652,102,2020-10-17,1,1,1.0,0.0,106,1,67.0,3898.0,1,4,18,6,0,267,0,165
42057,14159,2020-07-18,1,1,1.0,0.0,197,1,67.0,3027.0,1,3,524,6,0,224,0,17
9330,10049,2021-01-25,1,1,1.0,0.0,6,1,67.0,3898.0,1,3,1496,4,0,291,0,44
2541,6381,2020-06-03,1,1,1.0,0.0,242,1,67.0,1134.0,1,1,738,10,0,504,3,17
36059,6614,2020-08-13,2,17,2.3529411764705883,0.7859052479933758,14,17,13.625,unknown,40,3,453,4,0,457,-1,12
11881,18169,2020-09-28,1,1,1.0,0.0,125,1,67.0,3898.0,1,2,73,10,0,421,3,3
3205,15730,2020-08-09,1,1,1.0,0.0,175,1,67.0,3898.0,1,2,532,6,0,252,3,122
37808,16643,2021-01-25,1,1,1.0,0.0,6,1,67.0,1223.0,1,3,539,6,0,4,3,45
2751,8368,2020-07-11,1,1,1.0,0.0,204,1,67.0,3027.0,1,2,1426,4,1,61,3,31
25505,22134,2020-06-04,4,3,2.3333333333333335,1.5275252316519468,67,3,87.0,3860.0,7,1,449,4,0,60,3,31
36937,21028,2020-06-29,1,1,1.0,0.0,216,1,67.0,1072.0,1,1,18,6,0,232,0,122
6014,24763,2020-12-25,1,1,1.0,0.0,37,1,67.0,3898.0,1,2,186,6,0,207,0,17
1444,26433,2021-01-06,1,1,1.0,0.0,25,1,67.0,3898.0,1,4,1496,4,0,435,0,148
25847,14528,2020-12-20,2,1,2.0,0.0,42,1,67.0,3056.0,2,1,827,4,0,383,0,74
15159,20224,2020-12-14,1,1,1.0,0.0,48,1,67.0,3898.0,1,1,18,4,0,334,0,44
39481,12528,2020-09-15,1,1,1.0,0.0,138,1,67.0,3898.0,1,4,186,4,3,17,0,81
17401,4942,2020-06-29,1,1,1.0,0.0,216,1,67.0,3898.0,1,1,1180,6,0,306,3,45
9661,32349,2020-10-21,1,2,1.0,0.0,102,2,122.0,3056.0,2,1,1445,10,3,-1,-1,95
7680,9021,2020-09-12,1,1,1.0,0.0,141,1,67.0,600.0,1,3,1278,4,0,-1,-1,-1
2256,395,2020-10-23,1,1,1.0,0.0,100,1,67.0,1062.0,1,1,745,4,0,399,3,163
5417,24539,2020-09-24,2,1,2.0,0.0,129,1,67.0,3477.0,2,1,1496,4,3,16,0,144
21613,30909,2020-07-13,1,1,1.0,0.0,202,1,67.0,3189.0,1,3,771,10,0,502,0,39
11234,19500,2020-11-11,1,1,1.0,0.0,81,1,67.0,3027.0,1,4,1201,10,0,15,3,141
29975,13251,2021-01-14,6,1,6.0,0.0,17,1,67.0,2920.0,6,1,107,4,0,468,0,76
7121,30096,2020-08-20,1,1,1.0,0.0,164,1,67.0,unknown,1,4,362,4,1,453,0,108
28519,10347,2020-08-02,2,1,2.0,0.0,182,1,67.0,1603.0,2,1,441,10,0,507,0,39
517,32576,2020-11-26,1,1,1.0,0.0,66,1,67.0,370.0,1,2,361,10,0,504,0,17
4607,29657,2021-01-23,1,1,1.0,0.0,8,1,67.0,2566.0,1,2,18,10,0,345,0,84
24055,12349,2020-10-27,1,1,1.0,0.0,96,1,67.0,162.0,1,2,539,6,3,223,3,17
15924,23050,2021-01-05,1,1,1.0,0.0,26,1,67.0,unknown,1,4,1411,4,0,22,0,151
10922,29373,2020-11-26,1,1,1.0,0.0,66,1,67.0,unknown,1,2,235,4,0,538,3,84
37155,10376,2021-01-15,1,1,1.0,0.0,16,1,67.0,1072.0,1,1,449,4,0,535,3,105
15154,17645,2020-06-17,1,1,1.0,0.0,228,1,67.0,1178.0,1,3,1105,4,0,486,0,48
29635,28134,2020-10-18,1,1,1.0,0.0,105,1,67.0,3898.0,1,4,1132,4,1,484,0,66
3579,950,2021-01-27,1,1,1.0,0.0,4,1,67.0,3898.0,1,3,386,10,0,503,0,85
7933,21154,2020-08-01,1,1,1.0,0.0,183,1,67.0,298.0,1,1,1058,10,0,491,0,132
42499,29737,2020-08-24,1,1,1.0,0.0,160,1,67.0,3898.0,1,1,1076,6,1,503,0,17
39520,7420,2020-09-08,1,2,1.0,0.0,57,2,88.0,3898.0,2,3,632,4,0,536,3,144
37783,21690,2021-01-26,2,1,2.0,0.0,5,1,67.0,600.0,2,3,1496,4,0,131,0,151
20570,26687,2020-10-07,1,3,1.0,0.0,78,3,75.0,3027.0,3,3,1111,4,1,487,3,66
15978,16208,2020-09-30,2,1,2.0,0.0,123,1,67.0,3898.0,2,2,1108,10,0,395,3,1
10,17406,2020-11-27,1,1,1.0,0.0,65,1,67.0,100.0,1,2,623,10,1,4,0,84
20391,14704,2020-12-09,1,1,1.0,0.0,53,1,67.0,3898.0,1,4,617,4,1,147,3,1
31033,1299,2021-01-31,1,3,1.3333333333333333,0.5773502691896257,0,3,98.0,3898.0,4,3,1056,4,0,474,-1,108
46008,14386,2020-12-08,1,1,1.0,0.0,54,1,67.0,2566.0,1,4,1355,4,0,484,3,144
39563,27664,2020-08-10,1,2,1.0,0.0,4,2,170.0,3898.0,2,3,1496,4,0,329,0,163
4893,24943,2020-11-21,1,2,1.0,0.0,71,2,173.0,2364.0,2,1,994,10,0,421,3,25
45561,29288,2020-08-29,1,5,1.2,0.4472135954999579,41,5,50.5,3723.0,6,1,194,6,0,506,3,137
44003,26136,2020-09-21,1,1,1.0,0.0,132,1,67.0,3898.0,1,1,618,10,0,384,0,87
42661,3039,2020-12-03,1,1,1.0,0.0,59,1,67.0,1072.0,1,3,186,4,0,28,0,81
43323,13330,2020-09-05,2,1,2.0,0.0,148,1,67.0,unknown,2,2,1496,10,0,345,3,99
34952,13675,2020-11-16,1,1,1.0,0.0,76,1,67.0,3723.0,1,1,539,10,0,4,3,84
15778,10650,2021-01-09,1,2,1.5,0.7071067811865476,22,2,72.0,1543.0,3,4,1222,10,0,502,0,123
30262,26613,2021-01-11,1,1,1.0,0.0,20,1,67.0,3898.0,1,1,408,4,0,467,0,-1
26741,6169,2020-10-08,1,1,1.0,0.0,115,1,67.0,unknown,1,3,1306,10,0,421,3,3
21036,19267,2020-09-01,3,3,3.0,1.0,7,3,103.0,2231.0,9,2,1496,10,0,348,0,95
13738,31812,2020-08-10,3,2,3.0,0.0,174,2,39.0,1072.0,6,3,1496,4,0,22,0,151
40856,30712,2020-08-18,1,1,1.0,0.0,166,1,67.0,918.0,1,4,186,10,0,421,3,3
31417,26891,2020-09-09,2,2,1.5,0.7071067811865476,76,2,68.0,1682.0,3,3,193,4,0,453,0,108
12788,1743,2020-06-15,1,1,1.0,0.0,230,1,67.0,2006.0,1,3,769,6,0,503,0,17
209,28900,2020-09-12,1,7,1.0,0.0,22,7,35.0,unknown,7,3,1156,10,0,137,3,87
7691,5221,2020-11-21,1,1,1.0,0.0,71,1,67.0,3898.0,1,1,186,4,0,319,3,16
15131,12687,2020-10-04,2,1,2.0,0.0,119,1,67.0,2012.0,2,2,643,6,0,491,3,117
33741,13675,2020-07-06,1,3,1.0,0.0,35,3,96.5,3059.0,3,2,539,10,0,4,3,84
29572,7125,2020-08-08,1,1,1.0,0.0,176,1,67.0,2346.0,1,2,829,10,0,254,0,77
31373,28522,2021-01-02,1,1,1.0,0.0,29,1,67.0,3898.0,1,3,539,6,0,220,3,17
43161,26886,2020-10-12,1,2,1.0,0.0,111,2,86.0,1543.0,2,4,745,10,0,503,0,17
27671,29660,2020-11-02,4,1,4.0,0.0,90,1,67.0,3898.0,4,3,18,10,1,345,0,84
34534,24763,2020-06-30,1,1,1.0,0.0,215,1,67.0,965.0,1,1,186,6,0,207,0,17
35531,32079,2021-01-29,1,2,1.0,0.0,2,2,119.0,3898.0,2,3,580,10,0,503,3,39
17337,14606,2020-08-16,1,7,1.0,0.0,27,7,32.666666666666664,3898.0,7,3,1445,10,0,-1,-1,24
5882,4705,2020-10-20,1,1,1.0,0.0,103,1,67.0,366.0,1,1,703,10,3,291,0,141
5681,25592,2020-06-15,1,1,1.0,0.0,230,1,67.0,3056.0,1,3,827,4,0,469,-1,-1
12284,31178,2020-06-13,1,1,1.0,0.0,232,1,67.0,3898.0,1,2,378,4,0,401,3,44
16857,12783,2020-08-16,1,1,1.0,0.0,168,1,67.0,2475.0,1,3,73,10,0,421,0,3
29580,7449,2020-07-06,1,1,1.0,0.0,209,1,67.0,3605.0,1,2,186,10,3,27,3,39
24608,32138,2020-06-14,1,1,1.0,0.0,231,1,67.0,489.0,1,2,1180,10,0,522,3,90
19363,7739,2020-07-18,1,1,1.0,0.0,197,1,67.0,3898.0,1,3,771,10,3,503,0,17
24420,18055,2020-12-20,1,2,1.0,0.0,42,2,132.0,2928.0,2,1,193,4,1,453,0,108
12894,5746,2020-12-25,1,1,1.0,0.0,37,1,67.0,3703.0,1,2,1127,4,1,53,0,111
5344,14623,2020-07-03,1,1,1.0,0.0,212,1,67.0,3898.0,1,1,219,6,0,536,3,46
35036,4026,2020-08-16,1,1,1.0,0.0,168,1,67.0,238.0,1,3,20,10,0,203,0,84
16591,20403,2021-01-15,1,1,1.0,0.0,16,1,67.0,3898.0,1,1,888,4,0,278,0,144
22550,16403,2021-01-23,1,1,1.0,0.0,8,1,67.0,3898.0,1,2,1121,10,0,161,0,38
39755,27625,2020-11-22,1,1,1.0,0.0,70,1,67.0,1178.0,1,1,839,4,0,265,0,140
10404,3601,2020-09-26,1,1,1.0,0.0,127,1,67.0,2385.0,1,1,1324,10,0,421,3,3
24695,3005,2020-11-20,2,1,2.0,0.0,72,1,67.0,242.0,2,1,136,10,0,503,0,17
16300,13302,2020-07-16,1,2,1.0,0.0,20,2,179.0,3898.0,2,3,194,10,0,502,0,178
1817,7913,2020-10-31,3,1,3.0,0.0,92,1,67.0,3477.0,3,2,1180,10,0,345,0,95
10748,23975,2020-06-21,1,3,1.0,0.0,34,3,95.0,1223.0,3,3,615,10,0,535,3,121
11831,25993,2021-01-20,1,2,1.0,0.0,11,2,9.0,3898.0,2,2,186,10,0,27,3,38
41713,14990,2020-06-08,1,1,1.0,0.0,237,1,67.0,600.0,1,2,734,4,0,203,3,76
18071,23148,2021-01-13,1,1,1.0,0.0,18,1,67.0,3056.0,1,1,1401,4,0,145,0,163
3683,3320,2020-12-30,2,1,2.0,0.0,32,1,67.0,2566.0,2,3,569,4,0,291,3,44
43379,29657,2020-08-24,2,4,1.75,0.5,145,4,24.666666666666668,1890.0,7,1,18,10,0,345,0,84
17534,30764,2020-10-19,1,1,1.0,0.0,104,1,67.0,2385.0,1,1,194,10,0,502,3,85
25165,20439,2020-06-04,1,1,1.0,0.0,241,1,67.0,566.0,1,1,660,6,0,216,3,122
14908,21323,2020-06-06,1,1,1.0,0.0,239,1,67.0,3306.0,1,1,39,10,1,511,0,101
43776,27618,2021-01-31,1,1,1.0,0.0,0,1,67.0,1134.0,1,3,1180,4,0,485,3,66
13991,22138,2020-07-07,1,1,1.0,0.0,208,1,67.0,1698.0,1,2,993,10,0,258,0,132
41279,26195,2021-01-11,1,1,1.0,0.0,20,1,67.0,3056.0,1,1,618,4,0,55,3,11
2420,1398,2020-09-03,1,1,1.0,0.0,150,1,67.0,3898.0,1,2,408,4,0,129,0,176
44158,32575,2021-01-30,1,1,1.0,0.0,1,1,67.0,3898.0,1,3,801,4,0,453,0,108
18764,15376,2020-08-02,2,1,2.0,0.0,182,1,67.0,2566.0,2,1,1232,10,0,358,0,95
44055,2074,2020-07-08,4,2,4.5,0.7071067811865476,49,2,158.0,1134.0,9,2,1111,4,0,516,0,41
34610,21088,2020-09-22,1,1,1.0,0.0,131,1,67.0,2917.0,1,1,1232,6,0,282,0,146
42720,28190,2021-01-21,1,1,1.0,0.0,10,1,67.0,3898.0,1,2,1036,4,2,452,0,12
41809,16414,2020-08-29,1,1,1.0,0.0,155,1,67.0,172.0,1,1,1265,4,3,514,0,187
30014,26841,2020-12-04,1,1,1.0,0.0,58,1,67.0,3898.0,1,3,539,4,0,487,0,-1
24608,19591,2020-12-06,2,4,1.25,0.5,56,4,15.333333333333334,unknown,5,3,342,10,0,181,0,132
6775,29478,2020-06-01,1,1,1.0,0.0,244,1,67.0,2457.0,1,1,258,4,0,109,0,81
11738,15163,2020-09-10,1,6,1.0,0.0,11,6,43.8,1072.0,6,3,378,4,3,396,3,163
43956,14037,2020-06-27,1,1,1.0,0.0,218,1,67.0,1890.0,1,4,1180,10,0,522,3,45
28321,22063,2020-06-03,3,4,2.75,0.4999999999999999,21,4,73.66666666666667,3617.0,11,1,139,4,0,491,3,66
38244,18678,2020-11-07,1,1,1.0,0.0,85,1,67.0,1061.0,1,3,77,4,0,491,0,66
3044,19768,2021-01-10,2,4,1.75,0.5,21,4,74.0,3189.0,7,4,618,4,0,399,0,144
22345,3285,2020-06-29,4,2,4.5,0.7071067811865476,173,2,43.0,861.0,9,1,366,6,0,498,0,13
25431,26026,2020-11-28,3,1,3.0,0.0,64,1,67.0,3898.0,3,2,1126,4,3,-1,-1,89
42159,24987,2020-07-03,2,2,2.5,0.7071067811865476,107,2,105.0,119.0,5,1,1383,10,0,501,0,17
21899,30712,2020-10-09,1,1,1.0,0.0,114,1,67.0,965.0,1,3,186,10,0,421,3,3
24708,11587,2020-12-24,1,1,1.0,0.0,38,1,67.0,3898.0,1,2,406,10,0,503,0,184
35246,6342,2020-07-05,1,1,1.0,0.0,210,1,67.0,1223.0,1,1,665,10,1,491,0,39
31482,20478,2020-09-09,1,1,1.0,0.0,144,1,67.0,3898.0,1,3,539,6,0,303,0,45
29102,18181,2021-01-30,1,3,2.3333333333333335,1.1547005383792517,1,3,33.5,3898.0,7,3,615,10,1,358,0,132
25324,11124,2020-08-01,3,2,3.0,0.0,56,2,127.0,3898.0,6,1,1496,4,0,399,0,144
18941,9175,2021-01-21,1,1,1.0,0.0,10,1,67.0,unknown,1,2,1496,4,0,321,3,16
9221,2321,2020-12-17,1,1,1.0,0.0,45,1,67.0,2385.0,1,1,1445,6,0,-1,-1,45
19359,24051,2021-01-19,1,1,1.0,0.0,12,1,67.0,431.0,1,2,325,6,0,165,0,122
5219,11370,2020-08-20,1,1,1.0,0.0,164,1,67.0,3288.0,1,4,618,6,0,303,3,45
44587,24168,2020-09-11,1,1,1.0,0.0,142,1,67.0,3860.0,1,3,853,4,0,469,0,-1
14444,11009,2020-07-29,1,1,1.0,0.0,186,1,67.0,3898.0,1,1,1126,4,0,291,0,163
41592,17419,2020-10-17,1,1,1.0,0.0,106,1,67.0,842.0,1,4,267,6,0,2,3,45
22112,20460,2020-12-07,1,1,1.0,0.0,55,1,67.0,3898.0,1,4,1445,4,3,-1,-1,-1
31892,21379,2020-11-26,1,1,1.0,0.0,66,1,67.0,1841.0,1,2,45,6,0,167,3,122
12918,570,2020-07-07,1,1,1.0,0.0,208,1,67.0,1841.0,1,2,454,6,0,170,0,17
3030,24557,2020-10-17,1,1,1.0,0.0,106,1,67.0,2509.0,1,4,771,10,0,503,0,17
5675,26159,2020-09-01,1,1,1.0,0.0,152,1,67.0,370.0,1,2,1065,10,0,491,3,147
11577,21028,2020-09-29,1,1,1.0,0.0,124,1,67.0,100.0,1,2,18,6,0,232,0,122
5064,11442,2020-06-24,1,1,1.0,0.0,221,1,67.0,3898.0,1,4,822,10,3,503,0,85
26042,18451,2020-10-07,2,4,1.75,0.5,5,4,59.0,3027.0,7,3,322,4,0,536,0,144
19930,25219,2020-10-22,1,1,1.0,0.0,101,1,67.0,3059.0,1,1,748,4,0,487,0,16
39403,8705,2020-09-26,2,1,2.0,0.0,127,1,67.0,unknown,2,1,1324,10,0,421,3,3
9918,15423,2020-06-29,2,2,2.0,0.0,135,2,81.0,3898.0,4,1,186,4,0,15,0,81
37353,19166,2020-11-29,1,1,1.0,0.0,63,1,67.0,3056.0,1,2,748,6,0,308,0,122
2026,23611,2020-09-24,1,1,1.0,0.0,129,1,67.0,unknown,1,1,1111,4,0,487,3,144
32510,28161,2020-06-28,1,1,1.0,0.0,217,1,67.0,unknown,1,4,926,10,0,491,0,156
22636,21204,2021-01-31,1,1,1.0,0.0,0,1,67.0,2006.0,1,3,1180,4,0,485,3,66
12985,1831,2020-09-08,4,1,4.0,0.0,145,1,67.0,3565.0,4,3,748,4,0,491,0,66
14162,17089,2020-12-17,1,1,1.0,0.0,45,1,67.0,unknown,1,1,186,4,0,17,0,81
7852,22721,2020-08-24,1,1,1.0,0.0,160,1,67.0,726.0,1,1,194,10,0,502,3,185
39718,22547,2020-10-07,1,1,1.0,0.0,116,1,67.0,3898.0,1,3,408,10,0,376,0,127
10687,1322,2020-10-04,1,1,1.0,0.0,119,1,67.0,unknown,1,2,827,10,0,377,0,39
5019,25116,2020-07-07,1,1,1.0,0.0,208,1,67.0,422.0,1,2,1232,10,0,358,0,132
28799,395,2020-11-02,1,1,1.0,0.0,90,1,67.0,unknown,1,3,745,4,0,399,3,163
5884,19469,2021-01-25,1,1,1.0,0.0,6,1,67.0,3898.0,1,3,962,10,1,34,3,156
41159,27469,2020-11-14,1,1,1.0,0.0,78,1,67.0,2346.0,1,4,1368,4,0,472,0,-1
32593,20834,2020-08-07,1,1,1.0,0.0,177,1,67.0,40.0,1,2,186,4,0,15,0,81
13538,23410,2020-08-06,1,2,1.0,0.0,11,2,167.0,2901.0,2,2,20,6,0,201,0,29
12228,8004,2020-07-07,1,1,1.0,0.0,208,1,67.0,2972.0,1,2,6,6,0,303,3,45
41448,25689,2020-10-19,1,1,1.0,0.0,104,1,67.0,3898.0,1,1,1180,1,1,522,3,9
7966,19896,2020-08-16,1,2,1.0,0.0,50,2,118.0,3898.0,2,3,408,4,0,284,0,66
1364,32472,2020-06-04,1,1,1.0,0.0,241,1,67.0,1543.0,1,1,194,10,0,522,0,132
3383,29657,2020-10-28,1,2,1.5,0.7071067811865476,28,2,67.0,3898.0,3,2,18,10,0,345,0,84
44724,26273,2020-10-04,1,1,1.0,0.0,119,1,67.0,1739.0,1,2,994,4,0,491,3,66
11823,5170,2020-10-05,1,1,1.0,0.0,118,1,67.0,unknown,1,3,1010,10,0,522,0,17
15589,16059,2020-06-13,1,1,1.0,0.0,232,1,67.0,600.0,1,2,186,6,0,208,3,122
40559,25383,2020-08-09,1,1,1.0,0.0,175,1,67.0,2802.0,1,2,18,4,0,131,3,151
24933,2130,2020-10-09,1,1,1.0,0.0,114,1,67.0,3898.0,1,3,888,6,0,536,3,91
7834,5882,2020-09-11,1,1,1.0,0.0,142,1,67.0,1072.0,1,3,907,6,0,207,3,45
26163,18630,2020-11-21,1,1,1.0,0.0,71,1,67.0,3565.0,1,1,6,4,0,291,0,44
24804,25373,2020-12-09,2,1,2.0,0.0,53,1,67.0,844.0,2,4,186,4,0,318,0,81
3086,21690,2020-08-03,1,1,1.0,0.0,181,1,67.0,3027.0,1,2,1496,4,0,131,0,151
22441,10782,2020-11-25,1,1,1.0,0.0,67,1,67.0,3609.0,1,2,1338,4,0,487,3,48
21008,23020,2020-08-29,1,1,1.0,0.0,155,1,67.0,3358.0,1,1,333,4,0,19,0,144
35036,25722,2020-06-07,1,2,1.0,0.0,168,2,70.0,3898.0,2,1,618,4,0,401,0,44
31049,29473,2020-11-29,1,1,1.0,0.0,63,1,67.0,1254.0,1,2,322,6,0,536,0,122
6024,10216,2021-01-09,2,1,2.0,0.0,22,1,67.0,3027.0,2,4,1200,4,3,285,3,144
11437,7033,2021-01-20,1,1,1.0,0.0,11,1,67.0,3898.0,1,2,632,4,0,536,3,144
32905,31050,2020-07-12,2,1,2.0,0.0,203,1,67.0,3898.0,2,2,1222,10,0,503,0,85
26047,4082,2020-09-28,1,1,1.0,0.0,125,1,67.0,3898.0,1,2,120,10,0,503,3,101
18524,1398,2020-10-29,1,1,1.0,0.0,94,1,67.0,100.0,1,2,408,4,0,129,0,176
14196,18579,2020-08-29,1,1,1.0,0.0,155,1,67.0,566.0,1,1,1111,4,0,487,0,66
31298,9555,2020-07-01,2,1,2.0,0.0,214,1,67.0,3605.0,2,1,615,4,0,486,3,66
44965,31091,2020-09-27,1,1,1.0,0.0,126,1,67.0,3831.0,1,1,1201,4,0,31,0,140
13188,27230,2020-06-23,1,1,1.0,0.0,222,1,67.0,3898.0,1,4,1111,10,0,491,0,154
45029,5900,2020-10-03,1,1,1.0,0.0,120,1,67.0,3898.0,1,2,704,4,0,291,0,44
31544,28137,2020-07-06,1,1,1.0,0.0,209,1,67.0,726.0,1,2,853,4,0,450,0,76
20843,20181,2021-01-19,3,1,3.0,0.0,12,1,67.0,3898.0,3,2,574,4,0,507,0,108
39853,19613,2020-12-13,1,1,1.0,0.0,49,1,67.0,2475.0,1,4,1232,6,0,381,0,146
303,25517,2020-11-22,1,1,1.0,0.0,70,1,67.0,100.0,1,1,632,4,0,536,3,144
8583,3991,2020-10-27,1,1,1.0,0.0,96,1,67.0,3056.0,1,2,632,4,0,536,3,144
19149,5076,2020-10-03,1,1,1.0,0.0,120,1,67.0,3898.0,1,2,829,10,0,9,0,156
29506,25523,2020-07-19,1,1,1.0,0.0,196,1,67.0,3898.0,1,3,1366,6,1,537,0,46
19605,1628,2021-01-26,1,1,1.0,0.0,5,1,67.0,3898.0,1,3,406,6,0,507,0,8
34218,31164,2020-06-06,1,1,1.0,0.0,239,1,67.0,unknown,1,1,235,4,0,538,3,84
30530,11188,2020-08-01,2,1,2.0,0.0,183,1,67.0,3898.0,2,1,6,4,0,71,0,53
4703,12447,2021-01-04,1,1,1.0,0.0,27,1,67.0,3056.0,1,4,615,4,0,466,0,-1
29647,17260,2021-01-31,1,1,1.0,0.0,0,1,67.0,1739.0,1,3,1411,6,0,307,3,17
12393,3320,2020-06-07,1,1,1.0,0.0,238,1,67.0,2364.0,1,1,569,4,0,291,3,44
32642,13688,2020-11-17,1,1,1.0,0.0,75,1,67.0,3764.0,1,1,322,6,0,536,0,46
7447,9811,2020-10-11,2,3,1.6666666666666667,0.5773502691896257,112,3,42.0,unknown,5,3,783,10,1,504,3,17
32391,4348,2020-08-01,1,1,1.0,0.0,183,1,67.0,2433.0,1,1,1090,10,1,511,0,0
37446,13574,2020-06-13,2,1,2.0,0.0,232,1,67.0,1223.0,2,2,1180,10,1,184,3,84
33824,12564,2020-10-22,1,1,1.0,0.0,101,1,67.0,1603.0,1,1,325,10,0,485,3,121
44530,2321,2020-07-12,1,1,1.0,0.0,203,1,67.0,2006.0,1,2,1445,6,0,-1,-1,45
28621,22553,2020-06-30,1,1,1.0,0.0,215,1,67.0,3898.0,1,1,194,10,0,503,0,122
19315,9649,2021-01-06,1,1,1.0,0.0,25,1,67.0,918.0,1,4,186,4,0,444,3,66
30441,18796,2020-07-04,1,1,1.0,0.0,211,1,67.0,2542.0,1,1,186,4,0,28,3,175
6567,10299,2020-10-19,2,1,2.0,0.0,104,1,67.0,3027.0,2,1,225,10,0,393,3,121
39368,20150,2020-09-08,6,1,6.0,0.0,145,1,67.0,3898.0,6,3,18,10,0,345,0,84
24787,1633,2020-10-29,1,3,1.0,0.0,14,3,84.0,3565.0,3,2,618,4,0,55,3,11
24748,28105,2020-12-18,1,1,1.0,0.0,44,1,67.0,100.0,1,1,1043,4,1,479,0,22
10644,9776,2021-01-31,1,1,1.0,0.0,0,1,67.0,unknown,1,3,1383,6,0,537,0,46
12676,4806,2021-01-05,1,1,1.0,0.0,26,1,67.0,2566.0,1,4,194,10,0,503,3,17
19481,14923,2020-11-01,1,7,1.0,0.0,22,7,32.333333333333336,2917.0,7,2,964,4,0,491,0,144
20798,4869,2020-06-07,1,2,1.5,0.7071067811865476,184,2,54.0,1698.0,3,1,1010,10,0,503,0,185
13713,11119,2020-09-22,1,1,1.0,0.0,131,1,67.0,unknown,1,1,311,10,0,-1,-1,-1
36638,17000,2020-09-13,4,1,4.0,0.0,140,1,67.0,1890.0,4,3,1265,4,1,514,0,187
8674,1290,2020-10-02,1,1,1.0,0.0,121,1,67.0,1265.0,1,2,406,10,0,503,3,17
18722,18630,2020-09-28,1,2,1.0,0.0,125,2,86.0,2771.0,2,2,6,4,0,291,0,44
10341,19165,2020-10-20,2,1,2.0,0.0,103,1,67.0,2752.0,2,1,1201,4,0,386,0,89
1137,17747,2020-10-04,1,1,1.0,0.0,119,1,67.0,3764.0,1,2,1288,10,0,421,3,25
37160,9295,2020-10-16,1,1,1.0,0.0,107,1,67.0,2109.0,1,4,1410,6,0,491,0,117
16005,32090,2020-11-15,1,4,1.25,0.5,30,4,67.0,1835.0,5,4,998,10,0,416,3,132
22987,24145,2020-09-21,1,1,1.0,0.0,132,1,67.0,965.0,1,1,378,10,0,421,0,3
12483,22968,2020-11-04,1,1,1.0,0.0,88,1,67.0,370.0,1,3,790,4,1,520,0,-1
18509,24763,2020-12-20,2,1,2.0,0.0,42,1,67.0,3898.0,2,1,186,6,0,207,0,17
33371,11251,2020-08-10,2,1,2.0,0.0,174,1,67.0,3898.0,2,3,1496,10,0,348,0,95
20429,27560,2020-08-08,1,1,1.0,0.0,176,1,67.0,353.0,1,2,1201,6,0,174,3,17
45862,10424,2020-08-21,2,1,2.0,0.0,163,1,67.0,3898.0,2,4,926,10,0,515,0,188
42594,7449,2020-06-06,1,1,1.0,0.0,239,1,67.0,3898.0,1,1,186,10,3,27,3,39
34865,9649,2020-12-16,1,2,1.0,0.0,46,2,135.0,2475.0,2,1,186,4,0,444,3,66
20085,18630,2020-08-27,1,1,1.0,0.0,157,1,67.0,3137.0,1,1,6,4,0,291,0,44
17021,2068,2020-12-17,2,3,1.3333333333333333,0.5773502691896258,45,3,62.0,3605.0,4,1,361,10,1,505,0,126
22729,24322,2021-01-02,1,1,1.0,0.0,29,1,67.0,3898.0,1,3,150,4,1,453,0,108
20084,21411,2020-07-15,1,1,1.0,0.0,200,1,67.0,unknown,1,3,1368,10,3,524,0,132
34187,28934,2020-10-17,1,1,1.0,0.0,106,1,67.0,2346.0,1,4,1111,4,0,491,0,81
32339,461,2020-08-02,1,1,1.0,0.0,182,1,67.0,1841.0,1,1,406,10,0,503,0,17
13037,32466,2020-11-02,1,1,1.0,0.0,90,1,67.0,3059.0,1,3,1180,10,3,391,3,147
42464,28758,2020-10-11,1,1,1.0,0.0,112,1,67.0,3898.0,1,3,258,4,0,329,0,163
19625,4832,2020-11-02,1,1,1.0,0.0,90,1,67.0,3898.0,1,3,325,10,0,16,0,45
42536,23079,2020-10-29,1,1,1.0,0.0,94,1,67.0,3898.0,1,2,194,10,0,503,3,17
33719,19017,2020-10-01,1,1,1.0,0.0,122,1,67.0,638.0,1,2,71,4,0,432,0,159
15152,4421,2020-11-16,1,1,1.0,0.0,76,1,67.0,3898.0,1,1,1496,4,0,114,3,16
45763,32021,2020-09-26,1,3,1.6666666666666667,0.5773502691896257,60,3,58.5,unknown,5,1,1445,10,0,-1,0,17
6444,23027,2020-11-02,1,1,1.0,0.0,90,1,67.0,1072.0,1,3,777,10,2,502,0,178
33129,9700,2020-11-14,1,2,1.0,0.0,20,2,58.0,3898.0,2,4,107,10,0,308,0,45
45243,16403,2020-12-30,1,1,1.0,0.0,32,1,67.0,2871.0,1,3,1121,10,0,161,0,38
36117,6764,2020-10-14,2,1,2.0,0.0,109,1,67.0,3898.0,2,4,618,4,0,71,0,144
13839,11251,2020-07-12,1,2,1.5,0.7071067811865476,53,2,150.0,490.0,3,2,1496,10,0,348,0,95
26510,4821,2020-09-21,1,1,1.0,0.0,132,1,67.0,2231.0,1,1,745,4,0,282,3,66
22650,11454,2020-08-03,1,1,1.0,0.0,181,1,67.0,489.0,1,2,325,6,0,265,3,45
45183,27288,2020-10-18,2,1,2.0,0.0,105,1,67.0,1151.0,2,4,801,4,2,468,0,108
7828,15625,2020-06-03,1,1,1.0,0.0,242,1,67.0,3898.0,1,1,388,10,0,484,0,156
22028,32204,2020-09-16,8,12,5.916666666666667,0.9003366373785203,14,12,17.818181818181817,3898.0,71,4,1496,10,0,345,3,95
26897,3997,2021-01-09,1,2,1.0,0.0,22,2,94.0,3898.0,2,4,194,10,0,505,0,126
33516,4961,2020-12-05,1,1,1.0,0.0,57,1,67.0,3898.0,1,3,1111,4,3,487,3,66
12446,30712,2020-07-13,1,1,1.0,0.0,202,1,67.0,3898.0,1,3,186,10,0,421,3,3
31095,17749,2020-11-23,1,3,1.0,0.0,69,3,86.5,3056.0,3,2,147,4,0,491,3,66
37709,17995,2020-10-12,1,3,1.0,0.0,111,3,57.5,3898.0,3,4,1113,4,0,491,3,154
14017,4922,2020-11-22,1,1,1.0,0.0,70,1,67.0,1603.0,1,1,186,10,0,380,3,127
7534,4049,2021-01-23,1,1,1.0,0.0,8,1,67.0,1673.0,1,2,1126,4,0,363,0,89
12108,9347,2020-09-12,1,1,1.0,0.0,141,1,67.0,2589.0,1,3,361,10,0,519,3,178
4315,23582,2020-12-06,3,1,3.0,0.0,56,1,67.0,unknown,3,3,569,4,0,21,3,52
23712,915,2020-09-30,1,1,1.0,0.0,123,1,67.0,3056.0,1,2,1366,10,0,537,0,28
23763,4591,2021-01-25,1,1,1.0,0.0,6,1,67.0,2364.0,1,3,378,4,2,134,0,138
14100,6337,2020-06-15,1,1,1.0,0.0,230,1,67.0,3565.0,1,3,1496,10,0,412,0,3
8754,9543,2020-11-17,3,1,3.0,0.0,75,1,67.0,3898.0,3,1,249,10,0,503,0,184
32252,12770,2020-06-06,1,1,1.0,0.0,239,1,67.0,1231.0,1,1,993,10,0,202,3,84
39569,2018,2020-06-30,10,1,10.0,0.0,215,1,67.0,3137.0,10,1,627,4,1,452,0,12
20156,17499,2020-06-13,1,1,1.0,0.0,232,1,67.0,1061.0,1,2,1338,4,0,486,3,48
25465,26387,2020-11-20,1,1,1.0,0.0,72,1,67.0,298.0,1,1,1201,4,0,15,3,81
5318,2460,2020-10-28,1,1,1.0,0.0,95,1,67.0,1072.0,1,2,1366,10,0,537,0,3
38659,10133,2020-06-27,1,1,1.0,0.0,218,1,67.0,1899.0,1,4,18,6,0,224,0,17
42509,1565,2020-07-09,1,1,1.0,0.0,206,1,67.0,1315.0,1,2,1368,4,0,504,0,-1
23824,24369,2021-01-17,2,1,2.0,0.0,14,1,67.0,2920.0,2,1,194,10,0,505,0,126
6571,16747,2020-09-16,1,5,1.0,0.0,0,5,42.75,unknown,5,4,1135,4,0,78,0,163
4185,6792,2020-09-15,1,2,1.5,0.7071067811865476,133,2,5.0,unknown,3,4,514,4,0,322,3,117
40993,17645,2020-08-01,2,2,2.0,0.0,64,2,119.0,3137.0,4,1,1105,4,0,486,0,48
42781,1094,2020-10-08,1,1,1.0,0.0,115,1,67.0,3898.0,1,3,1348,4,0,484,3,66
1440,18338,2020-12-23,10,1,10.0,0.0,39,1,67.0,3898.0,10,2,118,6,0,497,0,-1
8412,27179,2020-06-05,1,1,1.0,0.0,240,1,67.0,3898.0,1,1,1180,6,0,220,3,17
22092,13644,2021-01-19,1,1,1.0,0.0,12,1,67.0,unknown,1,2,73,10,0,421,3,3
5172,31026,2020-11-21,1,2,1.0,0.0,71,2,35.0,3617.0,2,1,449,4,0,370,3,105
30753,3477,2020-10-31,1,1,1.0,0.0,92,1,67.0,3189.0,1,2,186,6,0,196,0,45
28598,637,2020-10-01,1,1,1.0,0.0,122,1,67.0,1682.0,1,2,6,4,0,131,0,144
41270,18471,2020-06-19,1,1,1.0,0.0,226,1,67.0,3898.0,1,3,1066,6,0,3,3,84
37752,31683,2020-11-22,3,1,3.0,0.0,70,1,67.0,3802.0,3,1,1371,4,0,484,3,175
21083,21627,2021-01-04,3,1,3.0,0.0,27,1,67.0,2901.0,3,4,322,6,0,536,0,46
40146,32495,2020-08-07,1,1,1.0,0.0,177,1,67.0,3723.0,1,2,193,4,0,202,0,108
35178,1378,2021-01-04,1,2,1.0,0.0,27,2,186.0,2385.0,2,4,454,6,0,200,3,17
39396,11890,2020-09-21,2,1,2.0,0.0,132,1,67.0,2566.0,2,1,1111,4,1,487,3,78
24596,12603,2020-11-23,1,1,1.0,0.0,69,1,67.0,380.0,1,2,523,10,0,192,0,96
15157,17645,2021-01-24,1,2,1.0,0.0,7,2,76.0,3898.0,2,2,1105,4,0,486,0,48
11049,7979,2020-10-16,1,1,1.0,0.0,107,1,67.0,3137.0,1,4,500,10,0,507,0,-1
3968,7498,2020-11-13,1,1,1.0,0.0,79,1,67.0,unknown,1,4,557,10,1,511,0,0
40248,15983,2020-09-12,1,1,1.0,0.0,141,1,67.0,2231.0,1,3,449,6,0,197,0,122
30107,30681,2020-06-26,1,2,1.0,0.0,193,2,26.0,2364.0,2,4,120,10,1,503,3,77
5683,23050,2020-12-08,2,4,1.25,0.5,54,4,53.0,3898.0,5,4,1411,4,0,22,0,151
30664,22587,2020-08-25,1,7,3.5714285714285716,1.9023794624226835,46,7,29.5,3898.0,25,1,135,10,0,358,3,24
8230,24056,2020-08-28,2,1,2.0,0.0,156,1,67.0,3898.0,2,1,1156,4,0,487,0,66
17207,29589,2021-01-15,4,1,4.0,0.0,16,1,67.0,3183.0,4,1,1058,6,1,497,0,117
6025,25129,2020-12-14,1,1,1.0,0.0,48,1,67.0,2012.0,1,1,1126,4,0,363,0,89
7828,5221,2020-09-08,1,2,1.5,0.7071067811865476,69,2,76.0,2385.0,3,3,186,4,0,319,3,16
8926,352,2020-11-28,1,3,1.0,0.0,64,3,42.5,3056.0,3,2,408,6,0,254,0,122
33708,18630,2020-10-14,2,1,2.0,0.0,109,1,67.0,3719.0,2,4,6,4,0,291,0,44
34687,16017,2020-11-27,2,1,2.0,0.0,65,1,67.0,unknown,2,2,539,10,0,358,0,95
21177,5144,2020-06-21,1,1,1.0,0.0,224,1,67.0,2917.0,1,3,580,10,0,503,3,39
28271,10258,2020-10-11,1,1,1.0,0.0,112,1,67.0,3860.0,1,3,772,10,0,509,0,120
22603,3438,2020-08-11,5,2,5.5,0.7071067811865476,56,2,117.0,unknown,11,3,406,10,0,503,3,17
22344,16257,2020-06-18,1,1,1.0,0.0,227,1,67.0,unknown,1,3,1135,4,1,395,0,44
449,18306,2020-07-18,1,1,1.0,0.0,197,1,67.0,3056.0,1,3,1113,4,0,491,3,66
26377,1576,2020-07-30,1,1,1.0,0.0,185,1,67.0,3898.0,1,1,1201,10,0,43,0,147
44628,27280,2020-07-10,1,6,1.0,0.0,53,6,37.4,3898.0,6,2,1379,4,0,444,3,66
40485,11213,2020-10-18,1,1,1.0,0.0,105,1,67.0,3437.0,1,4,219,4,0,538,0,144
34546,2609,2020-07-30,1,1,1.0,0.0,185,1,67.0,1739.0,1,1,322,4,0,536,0,144
24359,6642,2021-01-17,1,1,1.0,0.0,14,1,67.0,1932.0,1,1,1156,4,1,495,0,33
45393,20769,2020-09-26,1,1,1.0,0.0,127,1,67.0,3898.0,1,1,1496,10,3,386,0,87
35288,32204,2020-10-20,6,2,6.0,0.0,103,2,48.0,3027.0,12,1,1496,10,0,345,3,95
816,25517,2020-12-29,1,1,1.0,0.0,33,1,67.0,3898.0,1,3,632,4,0,536,3,144
5678,32164,2020-08-29,1,3,1.3333333333333333,0.5773502691896257,19,3,68.0,3898.0,4,1,406,10,0,503,0,5
45820,29657,2021-01-11,1,5,4.6,2.073644135332772,20,5,49.5,3288.0,23,1,18,10,0,345,0,84
3262,12906,2020-07-17,1,1,1.0,0.0,198,1,67.0,1134.0,1,3,119,10,1,511,0,101
23089,8431,2020-07-12,1,1,1.0,0.0,203,1,67.0,2364.0,1,2,769,6,0,503,0,17
9172,19043,2020-09-30,1,1,1.0,0.0,123,1,67.0,1134.0,1,2,186,10,3,27,3,39
11339,11088,2020-09-08,2,2,2.0,0.0,20,2,125.0,unknown,4,3,888,4,0,276,3,44
3930,32745,2020-12-02,1,1,1.0,0.0,60,1,67.0,3898.0,1,3,1222,10,0,505,0,126
19059,23066,2020-11-17,1,1,1.0,0.0,75,1,67.0,3898.0,1,1,177,10,0,503,0,9
13137,17016,2020-09-11,1,1,1.0,0.0,142,1,67.0,3898.0,1,3,1383,10,0,503,0,17
25612,24017,2020-11-03,1,2,1.0,0.0,19,2,70.0,3898.0,2,3,1206,10,0,421,0,25
45060,18630,2020-10-04,1,1,1.0,0.0,119,1,67.0,1315.0,1,2,6,4,0,291,0,44
29266,26904,2020-09-03,1,1,1.0,0.0,150,1,67.0,unknown,1,2,1065,4,0,536,3,144
25676,6744,2020-12-14,1,1,1.0,0.0,48,1,67.0,unknown,1,1,323,10,2,513,0,9
22991,10409,2020-10-14,1,3,1.0,0.0,21,3,44.0,2497.0,3,4,406,10,0,503,0,17
23035,30723,2020-06-06,1,1,1.0,0.0,239,1,67.0,2385.0,1,1,1135,4,0,78,0,163
110,17422,2021-01-21,1,2,1.0,0.0,10,2,74.0,3451.0,2,2,325,10,0,485,3,121
4528,28936,2021-01-06,1,4,1.25,0.5,13,4,16.0,3860.0,5,4,1500,4,1,497,0,144
17846,17362,2020-08-14,1,1,1.0,0.0,170,1,67.0,3565.0,1,3,147,4,0,486,3,144
4213,5228,2020-07-04,1,1,1.0,0.0,211,1,67.0,3898.0,1,1,775,10,0,503,3,45
16651,32471,2021-01-27,1,1,1.0,0.0,4,1,67.0,3898.0,1,3,1156,4,1,495,0,33
33604,26028,2020-11-13,1,1,1.0,0.0,79,1,67.0,778.0,1,4,1445,10,2,-1,-1,24
2807,13390,2021-01-31,1,1,1.0,0.0,0,1,67.0,3565.0,1,3,177,10,0,503,0,9
27069,24638,2021-01-09,1,1,1.0,0.0,22,1,67.0,unknown,1,4,1433,4,0,102,0,144
31233,2627,2021-01-27,1,3,1.0,0.0,4,3,84.5,1223.0,3,3,186,4,0,28,0,81
16585,25557,2020-09-20,1,1,1.0,0.0,133,1,67.0,unknown,1,4,888,4,0,279,0,44
21532,26337,2020-08-26,1,1,1.0,0.0,158,1,67.0,1134.0,1,1,219,10,0,503,3,45
15890,26450,2021-01-24,2,1,2.0,0.0,7,1,67.0,100.0,2,2,963,10,0,507,3,123
38826,17653,2021-01-31,1,1,1.0,0.0,0,1,67.0,3598.0,1,3,342,10,0,261,0,84
25350,7428,2021-01-16,1,1,1.0,0.0,15,1,67.0,3898.0,1,1,1496,4,0,145,3,44
39444,29041,2020-11-24,2,1,2.0,0.0,68,1,67.0,3565.0,2,2,539,6,0,303,0,45
12136,26786,2020-06-28,1,1,1.0,0.0,217,1,67.0,unknown,1,4,539,4,3,400,0,163
16042,17568,2021-01-05,1,2,1.0,0.0,26,2,80.0,3898.0,2,4,1324,10,0,421,3,3
14980,29220,2020-07-12,1,1,1.0,0.0,203,1,67.0,3898.0,1,2,623,10,0,26,3,156
4578,23635,2020-09-22,1,1,1.0,0.0,131,1,67.0,3898.0,1,1,539,10,3,345,0,95
9672,14441,2020-10-10,1,1,1.0,0.0,113,1,67.0,1315.0,1,3,1496,6,0,170,3,122
37469,31598,2020-07-28,1,5,1.0,0.0,24,5,54.75,1739.0,5,1,361,6,0,203,0,17
41021,4705,2020-07-22,1,1,1.0,0.0,193,1,67.0,3898.0,1,4,703,10,3,291,0,141
2965,12831,2020-07-18,1,3,1.0,0.0,26,3,85.5,1223.0,3,3,993,4,0,484,3,144
8878,24763,2020-06-14,1,1,1.0,0.0,231,1,67.0,3898.0,1,2,186,6,0,207,0,17
37882,11456,2021-01-24,1,1,1.0,0.0,7,1,67.0,3056.0,1,2,1058,6,1,497,3,13
26148,20515,2021-01-04,1,1,1.0,0.0,27,1,67.0,370.0,1,4,827,4,0,282,3,48
45916,6738,2021-01-07,1,1,1.0,0.0,24,1,67.0,2385.0,1,4,1163,10,0,239,0,84
19221,26297,2021-01-30,1,1,1.0,0.0,1,1,67.0,unknown,1,3,1385,4,0,474,0,-1
4029,16012,2020-09-11,2,1,2.0,0.0,142,1,67.0,3898.0,2,3,772,10,0,509,0,132
13915,7746,2020-12-11,3,2,4.0,1.4142135623730951,51,2,154.0,unknown,8,4,1065,4,0,291,3,175
5920,29225,2020-07-15,2,1,2.0,0.0,200,1,67.0,1841.0,2,3,1496,6,3,208,3,17
22239,20961,2020-08-19,1,1,1.0,0.0,165,1,67.0,3898.0,1,4,1126,4,0,291,3,175
36682,20527,2020-08-23,1,1,1.0,0.0,161,1,67.0,unknown,1,4,704,6,0,184,0,17
20576,29307,2020-10-10,1,1,1.0,0.0,113,1,67.0,1682.0,1,3,1180,6,3,298,3,17
11053,20248,2020-12-08,2,1,2.0,0.0,54,1,67.0,3898.0,2,4,911,10,0,412,3,3
29913,18630,2020-06-28,1,1,1.0,0.0,217,1,67.0,unknown,1,4,6,4,0,291,0,44
37599,4063,2020-12-05,1,2,1.0,0.0,57,2,79.0,3154.0,2,3,829,10,0,510,0,85
2969,26076,2020-11-21,1,1,1.0,0.0,71,1,67.0,1739.0,1,1,4,4,1,469,0,-1
27136,612,2020-08-04,1,1,1.0,0.0,180,1,67.0,965.0,1,2,514,4,0,370,3,89
8771,29492,2020-08-03,1,2,1.0,0.0,103,2,78.0,3137.0,2,2,408,10,0,503,0,123
13153,2627,2020-09-23,1,10,1.3,0.4830458915396479,1,10,25.444444444444443,3898.0,13,1,186,4,0,28,0,81
9323,13903,2020-10-11,3,1,3.0,0.0,112,1,67.0,1072.0,3,3,1371,10,0,388,3,127
12988,11251,2021-01-13,1,1,1.0,0.0,18,1,67.0,3137.0,1,1,1496,10,0,348,0,95
17266,1047,2020-09-16,1,1,1.0,0.0,137,1,67.0,965.0,1,4,1438,10,0,525,0,39
944,29492,2020-07-10,3,1,3.0,0.0,205,1,67.0,2346.0,3,2,408,10,0,503,0,123
28271,7548,2020-12-30,3,1,3.0,0.0,32,1,67.0,600.0,3,3,926,6,0,508,0,128
45783,14711,2020-12-17,1,1,1.0,0.0,45,1,67.0,366.0,1,1,745,4,0,65,0,144
3330,11188,2020-10-27,2,1,2.0,0.0,96,1,67.0,3898.0,2,2,6,4,0,71,0,53
42729,31026,2020-07-30,1,1,1.0,0.0,185,1,67.0,2364.0,1,1,449,4,0,370,3,105
14458,24236,2020-07-16,1,1,1.0,0.0,199,1,67.0,unknown,1,3,1121,10,0,161,0,38
38341,20138,2020-09-28,1,1,1.0,0.0,125,1,67.0,3898.0,1,2,1445,4,3,-1,-1,-1
14729,29091,2020-09-21,1,1,1.0,0.0,132,1,67.0,1380.0,1,1,1383,6,0,537,0,122
40350,25429,2021-01-10,2,3,2.0,1.0,21,3,77.0,unknown,6,4,382,4,1,283,3,66
1675,22180,2020-11-17,1,1,1.0,0.0,75,1,67.0,3898.0,1,1,194,10,0,505,0,152
19197,30511,2020-07-06,1,1,1.0,0.0,209,1,67.0,431.0,1,2,361,10,0,503,0,9
44980,23834,2020-10-13,1,1,1.0,0.0,110,1,67.0,3898.0,1,4,347,4,0,401,0,44
7569,4402,2020-06-29,3,2,2.5,0.7071067811865476,12,2,204.0,2231.0,5,1,1496,4,3,285,0,144
7147,405,2021-01-29,1,1,1.0,0.0,2,1,67.0,1739.0,1,3,369,10,0,534,0,-1
7090,12647,2020-10-15,2,1,2.0,0.0,108,1,67.0,3831.0,2,4,490,4,1,467,0,-1
44431,18916,2020-09-23,1,1,1.0,0.0,130,1,67.0,3898.0,1,1,791,10,1,500,0,9
22773,13390,2020-11-25,1,1,1.0,0.0,67,1,67.0,2917.0,1,2,177,10,0,503,0,9
15154,27174,2020-09-26,1,2,1.0,0.0,127,2,52.0,621.0,2,1,194,10,0,502,3,45
22755,1781,2020-10-17,1,3,1.0,0.0,8,3,88.0,3898.0,3,4,618,4,0,403,0,144
14854,15217,2021-01-03,1,1,1.0,0.0,28,1,67.0,3288.0,1,3,400,4,1,280,0,16
39573,4899,2020-09-04,1,2,1.0,0.0,149,2,85.0,3898.0,2,2,1371,4,0,430,3,158
15290,22179,2020-09-14,1,1,1.0,0.0,139,1,67.0,2457.0,1,4,1496,4,0,83,3,66
10995,21824,2020-11-23,2,1,2.0,0.0,69,1,67.0,3898.0,2,2,627,4,1,452,0,12
16370,24382,2020-08-01,3,2,2.5,0.7071067811865476,183,2,33.0,1134.0,5,1,1324,10,0,421,3,3
35248,32374,2020-12-23,2,2,1.5,0.7071067811865476,39,2,111.0,3898.0,3,2,726,4,0,334,3,44
21051,5350,2020-10-19,1,4,1.0,0.0,27,4,51.333333333333336,3189.0,4,1,1111,4,3,484,3,144
37414,31849,2020-11-28,1,2,1.0,0.0,64,2,74.0,1468.0,2,2,569,6,0,220,0,17
27738,26940,2020-10-28,1,1,1.0,0.0,95,1,67.0,100.0,1,2,1258,4,0,487,3,44
43838,16643,2020-12-19,1,1,1.0,0.0,43,1,67.0,unknown,1,1,539,6,0,4,3,45
27940,13825,2020-07-30,1,1,1.0,0.0,185,1,67.0,1941.0,1,1,1126,10,0,25,0,141
20855,180,2020-07-29,1,1,1.0,0.0,186,1,67.0,370.0,1,1,1496,4,0,71,3,44
31329,950,2020-10-04,1,1,1.0,0.0,119,1,67.0,566.0,1,2,386,10,0,503,0,85
2277,11251,2020-12-12,2,1,2.0,0.0,50,1,67.0,unknown,2,4,1496,10,0,348,0,95
14711,9325,2020-10-21,3,1,3.0,0.0,102,1,67.0,3898.0,3,1,107,6,0,308,3,17
5594,19267,2020-10-18,1,1,1.0,0.0,105,1,67.0,unknown,1,4,1496,10,0,348,0,95
13494,27598,2020-12-14,1,1,1.0,0.0,48,1,67.0,965.0,1,1,157,4,0,469,0,51
23052,19871,2020-06-20,1,1,1.0,0.0,225,1,67.0,3898.0,1,3,6,4,0,293,0,44
14536,17628,2020-12-14,1,1,1.0,0.0,48,1,67.0,1178.0,1,1,810,10,1,503,0,17
32853,833,2020-11-28,1,1,1.0,0.0,64,1,67.0,2385.0,1,2,386,10,0,519,0,17
36873,15181,2020-12-13,1,1,1.0,0.0,49,1,67.0,215.0,1,4,1121,4,0,159,0,66
3232,30457,2020-12-28,1,1,1.0,0.0,34,1,67.0,3898.0,1,3,238,10,0,197,3,115
22570,30712,2020-09-27,1,1,1.0,0.0,126,1,67.0,380.0,1,1,186,10,0,421,3,3
24634,31701,2020-08-17,1,1,1.0,0.0,167,1,67.0,3898.0,1,4,1154,10,0,503,0,17
38243,10409,2020-12-29,2,2,2.5,0.7071067811865476,33,2,169.0,3860.0,5,3,406,10,0,503,0,17
41071,31136,2020-12-04,1,7,1.0,0.0,2,7,31.333333333333332,1698.0,7,3,147,4,0,491,3,66
5674,24175,2020-08-21,1,3,1.3333333333333333,0.5773502691896258,63,3,50.0,3898.0,4,4,347,4,0,22,3,151
5878,3074,2020-12-17,2,1,2.0,0.0,45,1,67.0,unknown,2,1,765,4,1,491,3,44
37173,28664,2020-12-19,1,1,1.0,0.0,43,1,67.0,431.0,1,1,386,10,0,502,0,39
22890,13349,2020-09-13,1,1,1.0,0.0,140,1,67.0,unknown,1,3,1492,4,1,486,3,66
31460,26645,2020-08-24,3,1,3.0,0.0,160,1,67.0,1841.0,3,1,648,10,0,358,3,24
20286,23450,2020-09-13,1,1,1.0,0.0,140,1,67.0,3898.0,1,3,1411,4,0,22,0,151
31767,17167,2020-10-22,1,1,1.0,0.0,101,1,67.0,1890.0,1,1,539,10,0,345,0,99
22667,8767,2021-01-21,1,2,1.0,0.0,10,2,62.0,3773.0,2,2,1379,6,1,491,0,48
2792,24382,2020-09-22,2,3,2.0,0.0,131,3,41.0,2134.0,6,1,1324,10,0,421,3,3
4277,14776,2020-09-11,2,4,1.75,0.5,70,4,52.666666666666664,1787.0,7,3,1496,4,0,322,0,144
29956,25993,2020-06-03,1,2,1.5,0.7071067811865476,14,2,228.0,1151.0,3,1,186,10,0,27,3,38
33765,20233,2020-11-17,1,1,1.0,0.0,75,1,67.0,unknown,1,1,827,4,0,491,3,144
23627,24496,2021-01-22,1,1,1.0,0.0,9,1,67.0,3898.0,1,2,1055,4,0,-1,-1,-1
24997,26433,2021-01-20,2,1,2.0,0.0,11,1,67.0,861.0,2,2,1496,4,0,435,0,148
7712,12034,2020-08-18,1,1,1.0,0.0,166,1,67.0,447.0,1,4,1200,4,3,285,3,144
44059,11632,2020-09-26,2,2,1.5,0.7071067811865476,62,2,65.0,1739.0,3,1,186,6,0,267,0,165
26532,20164,2020-07-15,1,1,1.0,0.0,200,1,67.0,3898.0,1,3,703,4,0,291,0,44
26152,17692,2020-06-06,1,1,1.0,0.0,239,1,67.0,3189.0,1,1,829,4,0,295,0,44
38066,22578,2020-09-21,1,1,1.0,0.0,132,1,67.0,3898.0,1,1,107,10,0,308,0,-1
32796,30362,2020-06-27,1,1,1.0,0.0,218,1,67.0,3898.0,1,4,618,4,0,21,3,52
23072,20740,2020-10-18,1,1,1.0,0.0,105,1,67.0,2385.0,1,4,603,6,1,489,1,117
15676,17076,2020-10-12,1,1,1.0,0.0,111,1,67.0,100.0,1,4,827,4,0,362,3,89
29854,23050,2020-12-12,3,1,3.0,0.0,50,1,67.0,231.0,3,4,1411,4,0,22,0,151
24801,21387,2021-01-18,1,2,1.0,0.0,13,2,228.0,2566.0,2,2,408,4,0,283,-1,175
35672,22506,2021-01-07,1,1,1.0,0.0,24,1,67.0,unknown,1,4,1486,6,0,491,3,117
3986,2550,2020-08-09,1,7,1.0,0.0,7,7,39.5,3565.0,7,2,1180,4,0,36,0,53
24955,13825,2020-08-16,3,2,3.0,0.0,95,2,73.0,unknown,6,3,1126,10,0,25,0,141
35650,24996,2020-12-18,1,1,1.0,0.0,44,1,67.0,2012.0,1,1,539,6,0,303,0,45
6578,20751,2021-01-28,1,1,1.0,0.0,3,1,67.0,431.0,1,3,186,4,0,318,3,16
31214,3438,2020-09-19,1,1,1.0,0.0,134,1,67.0,3898.0,1,4,406,10,0,503,3,17
10494,4082,2020-09-17,1,1,1.0,0.0,136,1,67.0,2566.0,1,4,120,10,0,503,3,101
4414,31849,2020-09-06,2,1,2.0,0.0,147,1,67.0,2915.0,2,2,569,6,0,220,0,17
27334,34,2020-11-29,1,1,1.0,0.0,63,1,67.0,1134.0,1,2,617,4,0,536,3,144
42259,15641,2020-06-30,1,1,1.0,0.0,215,1,67.0,unknown,1,1,1156,4,0,139,0,44
9267,7550,2020-10-18,2,1,2.0,0.0,105,1,67.0,3898.0,2,4,1126,10,0,527,3,132
6084,23050,2020-12-08,5,1,5.0,0.0,54,1,67.0,3898.0,5,4,1411,4,0,22,0,151
23884,24763,2020-07-13,1,1,1.0,0.0,202,1,67.0,unknown,1,3,186,6,0,207,0,17
30228,34,2020-12-05,1,2,1.5,0.7071067811865476,0,2,57.0,3831.0,3,3,617,4,0,536,3,144
42529,30196,2020-11-12,1,2,1.0,0.0,80,2,80.0,unknown,2,4,1496,10,0,43,0,156
24234,2068,2021-01-25,1,1,1.0,0.0,6,1,67.0,2364.0,1,3,361,10,1,505,0,126
42153,875,2021-01-17,1,1,1.0,0.0,14,1,67.0,3898.0,1,1,1201,4,0,174,0,44
3089,26288,2020-10-08,3,1,3.0,0.0,115,1,67.0,1682.0,3,3,191,4,1,465,3,133
21127,20524,2020-09-20,1,1,1.0,0.0,133,1,67.0,3898.0,1,4,829,4,1,474,0,-1
6557,10910,2020-07-10,2,2,2.0,0.0,199,2,6.0,1693.0,4,2,356,4,0,519,0,161
14697,8471,2020-06-07,1,3,1.0,0.0,62,3,88.0,3898.0,3,1,449,10,0,382,0,38
4508,20540,2020-06-19,1,1,1.0,0.0,226,1,67.0,918.0,1,3,903,4,3,285,0,144
14100,16660,2020-08-11,1,2,1.0,0.0,12,2,161.0,3027.0,2,3,888,4,0,322,0,144
36309,5410,2020-08-07,1,1,1.0,0.0,177,1,67.0,3898.0,1,2,361,4,0,265,3,171
37825,217,2020-12-23,1,1,1.0,0.0,39,1,67.0,3565.0,1,2,1206,10,0,421,0,3
26902,637,2020-10-13,1,2,1.0,0.0,110,2,106.0,unknown,2,4,6,4,0,131,0,144
25327,7978,2020-12-12,1,1,1.0,0.0,50,1,67.0,2385.0,1,4,361,4,0,271,3,168
19966,9332,2021-01-09,1,1,1.0,0.0,22,1,67.0,3059.0,1,4,147,10,0,503,3,45
15995,4085,2020-09-04,1,2,1.0,0.0,83,2,66.0,3898.0,2,2,1338,4,0,487,3,89
28695,2460,2020-09-07,1,1,1.0,0.0,146,1,67.0,unknown,1,3,1366,10,0,537,0,3
14383,17419,2020-10-12,1,1,1.0,0.0,111,1,67.0,3898.0,1,4,267,6,0,2,3,45
6878,20209,2020-11-07,1,3,1.0,0.0,32,3,76.5,3056.0,3,3,703,4,0,291,0,44
10333,1841,2020-11-11,2,3,1.3333333333333333,0.5773502691896258,81,3,38.5,3898.0,4,4,1065,4,0,329,3,163
39965,19243,2021-01-05,1,1,1.0,0.0,26,1,67.0,3898.0,1,4,1125,10,1,505,0,126
40940,4600,2020-08-28,2,1,2.0,0.0,156,1,67.0,3898.0,2,1,569,6,0,208,3,17
15776,16103,2021-01-14,1,4,1.25,0.5,17,4,68.66666666666667,3703.0,5,1,827,6,0,308,3,17
7485,5049,2020-07-21,1,1,1.0,0.0,194,1,67.0,566.0,1,4,1180,10,0,522,3,85
26396,29012,2020-08-11,1,1,1.0,0.0,173,1,67.0,857.0,1,3,829,10,0,9,0,156
21178,32600,2020-06-23,1,1,1.0,0.0,222,1,67.0,2703.0,1,4,771,10,3,522,0,137
7505,18891,2020-09-17,1,1,1.0,0.0,136,1,67.0,3027.0,1,4,612,10,0,503,0,77
27974,16881,2020-07-05,2,2,2.0,0.0,119,2,91.0,965.0,4,1,1039,10,0,129,0,39
36928,16481,2020-12-29,1,3,1.0,0.0,33,3,100.0,3056.0,3,3,361,10,0,503,0,85
8252,17269,2020-09-22,1,8,1.0,0.0,9,8,31.428571428571427,3898.0,8,1,829,6,0,48,3,48
6318,19281,2020-10-14,3,3,3.3333333333333335,0.5773502691896257,1,3,54.0,unknown,10,4,18,4,3,71,0,53
5584,11199,2020-10-17,5,1,5.0,0.0,106,1,67.0,3898.0,5,4,473,4,0,321,0,144
7654,28118,2020-09-12,1,1,1.0,0.0,141,1,67.0,3898.0,1,3,1368,4,0,472,0,-1
27642,10954,2020-08-15,1,1,1.0,0.0,169,1,67.0,1899.0,1,3,829,10,0,254,0,77
6888,18829,2020-11-29,1,1,1.0,0.0,63,1,67.0,918.0,1,2,1371,6,0,395,3,122
3938,5464,2020-08-29,2,4,1.75,0.5,52,4,60.0,1888.0,7,1,1232,4,0,358,0,117
8485,27923,2020-06-29,1,2,1.0,0.0,94,2,122.0,3898.0,2,1,1445,3,0,-1,-1,-1
200,19771,2020-09-10,1,1,1.0,0.0,143,1,67.0,3189.0,1,3,1142,4,0,470,0,82
36177,24124,2020-09-21,2,1,2.0,0.0,132,1,67.0,1678.0,2,1,703,4,0,292,0,144
13434,18817,2020-09-20,1,4,1.0,0.0,56,4,53.0,3056.0,4,4,514,4,0,370,3,89
26051,5808,2020-08-30,1,1,1.0,0.0,154,1,67.0,1835.0,1,1,52,10,0,62,3,141
2615,28522,2020-07-15,1,1,1.0,0.0,200,1,67.0,3059.0,1,3,539,6,0,220,3,17
31451,30331,2020-11-06,1,1,1.0,0.0,86,1,67.0,1223.0,1,3,523,10,1,192,0,96
10983,3423,2020-10-29,2,4,1.25,0.5,29,4,44.0,965.0,5,2,449,4,0,535,3,105
37743,7245,2020-08-28,1,1,1.0,0.0,156,1,67.0,3383.0,1,1,1366,6,0,537,3,134
33473,2205,2020-11-04,1,1,1.0,0.0,88,1,67.0,3898.0,1,3,290,10,1,503,0,36
2639,15155,2020-09-15,1,3,1.3333333333333333,0.5773502691896257,28,3,73.5,2901.0,4,4,569,4,0,291,3,44
27574,5276,2020-11-20,1,1,1.0,0.0,72,1,67.0,3764.0,1,1,764,10,0,189,3,84
43221,14381,2021-01-18,1,2,1.0,0.0,13,2,65.0,489.0,2,2,888,4,0,278,0,144
36275,8790,2020-08-05,1,1,1.0,0.0,179,1,67.0,1739.0,1,2,1355,4,0,487,3,66
5547,25642,2020-06-13,1,1,1.0,0.0,232,1,67.0,2729.0,1,2,20,6,1,201,0,29
24059,5967,2020-08-05,1,1,1.0,0.0,179,1,67.0,844.0,1,2,827,4,0,487,3,144
17914,8385,2020-10-03,1,1,1.0,0.0,120,1,67.0,1223.0,1,2,18,10,0,345,0,95
11622,30725,2020-08-13,1,1,1.0,0.0,171,1,67.0,2012.0,1,3,539,10,0,345,0,99
6391,3391,2021-01-05,1,1,1.0,0.0,26,1,67.0,3605.0,1,4,378,10,0,421,3,3
8162,24972,2020-12-07,2,1,2.0,0.0,55,1,67.0,566.0,2,4,1201,10,3,15,3,141
16576,2138,2020-11-15,2,6,1.8333333333333333,0.408248290463863,7,6,14.0,3898.0,11,4,337,4,1,60,3,80
1595,28012,2020-06-23,1,1,1.0,0.0,222,1,67.0,3898.0,1,4,830,4,1,452,3,10
4933,28791,2020-07-19,1,1,1.0,0.0,196,1,67.0,600.0,1,3,1126,4,3,507,0,-1
42271,16918,2020-12-06,1,1,1.0,0.0,56,1,67.0,3898.0,1,3,1366,6,0,537,0,122
4375,22284,2020-08-07,1,1,1.0,0.0,177,1,67.0,3898.0,1,2,279,6,1,507,0,8
29889,500,2020-12-25,1,1,1.0,0.0,37,1,67.0,1890.0,1,2,635,4,0,474,0,-1
6082,21629,2020-09-14,1,1,1.0,0.0,139,1,67.0,431.0,1,4,1157,4,0,161,0,163
1611,5646,2020-08-15,1,1,1.0,0.0,169,1,67.0,3898.0,1,3,1180,10,0,391,0,87
38580,18630,2021-01-27,1,5,1.4,0.5477225575051661,4,5,56.0,3898.0,7,3,6,4,0,291,0,44
37228,12349,2020-11-16,2,2,2.0,0.0,76,2,83.0,3898.0,4,1,539,6,3,223,3,17
42990,16949,2020-12-04,4,1,4.0,0.0,58,1,67.0,3898.0,4,3,1232,6,0,495,0,146
13615,31518,2020-07-02,1,1,1.0,0.0,213,1,67.0,490.0,1,1,1500,6,1,497,0,13
15494,18181,2020-08-28,2,1,2.0,0.0,156,1,67.0,1682.0,2,1,615,10,1,358,0,132
22724,22216,2020-12-24,1,3,1.0,0.0,38,3,58.5,unknown,3,2,1200,4,1,470,0,82
25777,3173,2020-06-24,1,2,1.5,0.7071067811865476,122,2,99.0,3898.0,3,4,101,10,0,8,0,132
17177,2491,2020-12-29,1,2,1.0,0.0,3,2,30.0,458.0,2,3,408,4,0,283,-1,175
19164,20131,2020-10-11,1,3,1.0,0.0,11,3,101.5,2894.0,3,3,347,4,0,291,3,44
26561,27095,2020-07-22,1,3,1.0,0.0,73,3,60.0,3437.0,3,4,1401,4,0,145,0,163
13892,1970,2020-09-23,1,2,1.0,0.0,72,2,58.0,3056.0,2,1,703,4,0,291,0,44
33288,963,2020-12-16,1,1,1.0,0.0,46,1,67.0,3706.0,1,1,1325,4,0,466,0,-1
6490,8232,2020-09-15,1,1,1.0,0.0,138,1,67.0,1468.0,1,4,734,10,0,276,3,45
27077,26026,2020-08-26,1,1,1.0,0.0,158,1,67.0,3898.0,1,1,1126,4,3,-1,-1,89
2227,32528,2021-01-05,1,2,1.0,0.0,26,2,68.0,3027.0,2,4,1260,4,0,162,3,53
29723,31757,2020-06-13,1,1,1.0,0.0,232,1,67.0,3898.0,1,2,123,4,1,73,1,52
4889,3039,2020-09-17,1,1,1.0,0.0,136,1,67.0,unknown,1,4,186,4,0,28,0,81
42845,20412,2020-11-28,1,4,1.0,0.0,64,4,46.666666666666664,3898.0,4,2,361,4,0,265,3,171
4868,5463,2021-01-02,1,2,1.0,0.0,1,2,28.0,2542.0,2,3,101,4,0,468,0,-1
5259,12041,2020-10-17,1,2,1.0,0.0,12,2,94.0,3898.0,2,4,1383,10,0,503,0,85
33780,1883,2020-09-22,1,1,1.0,0.0,131,1,67.0,3898.0,1,1,481,10,0,503,0,45
10531,14650,2020-11-15,3,2,2.5,0.7071067811865476,77,2,51.0,3898.0,5,4,1040,10,0,236,0,84
2056,31683,2020-11-06,1,1,1.0,0.0,86,1,67.0,2346.0,1,3,1371,4,0,484,3,175
43399,20594,2020-11-23,1,1,1.0,0.0,69,1,67.0,2688.0,1,2,186,4,0,15,3,81
40240,7949,2020-07-28,1,1,1.0,0.0,187,1,67.0,489.0,1,1,504,10,0,441,3,84
11347,4879,2020-10-08,1,1,1.0,0.0,115,1,67.0,1134.0,1,3,827,4,0,372,0,89
45352,2162,2020-07-05,2,1,2.0,0.0,210,1,67.0,3898.0,2,1,853,4,0,465,0,162
8915,26660,2020-11-14,2,1,2.0,0.0,78,1,67.0,1566.0,2,4,1201,4,0,291,3,44
20001,14815,2020-12-29,3,3,2.3333333333333335,0.5773502691896257,33,3,67.0,2364.0,7,3,290,10,0,345,3,95
37627,23389,2020-09-30,2,6,2.0,0.0,8,6,41.2,3898.0,12,2,1025,10,0,505,0,126
3190,20159,2020-07-22,1,1,1.0,0.0,193,1,67.0,162.0,1,4,827,10,0,8,0,132
43626,27301,2020-10-12,1,1,1.0,0.0,111,1,67.0,1151.0,1,4,1037,4,1,467,0,11
39075,29601,2020-08-10,1,1,1.0,0.0,174,1,67.0,3898.0,1,3,150,4,1,504,0,-1
35269,32292,2020-07-03,1,1,1.0,0.0,212,1,67.0,3898.0,1,1,1160,10,0,524,0,130
5893,25565,2020-12-02,50,1,50.0,0.0,60,1,67.0,422.0,50,3,191,10,0,465,0,133
